代码,名称,策略,分类,最新价,J值,短期趋势线,多空线,趋势强度%,放量倍数,放量距今,近20日回撤%,距年高跌幅%,日均成交额亿,止损位,目标位,盈亏比,score
600663,陆家嘴,碗口反弹,回落碗中,8.98,-5.0,9.17,8.35,9.88,3.13,21,7.9,25.8,2.23,8.18,9.75,0.96,84.0
301047,义翘神州,碗口反弹,回落碗中,101.91,-16.1,110.76,93.37,18.62,4.45,18,26.9,26.9,14.19,91.5,139.49,3.61,84.0
688505,复旦张江,碗口反弹,回落碗中,8.19,-10.8,8.28,7.93,4.5,4.55,11,10.0,29.9,1.15,7.77,9.1,2.17,83.7
002346,柘中股份,碗口反弹,回落碗中,20.65,-10.1,21.77,20.49,6.21,3.9,9,24.9,24.9,2.58,19.29,27.48,5.02,82.3
601199,江南水务,碗口反弹,回落碗中,6.17,-1.2,6.2,6.01,3.24,5.46,14,9.0,9.0,1.17,5.89,6.78,2.18,81.9
688238,和元生物,碗口反弹,回落碗中,6.86,10.5,6.98,6.56,6.32,4.45,6,15.3,25.4,2.5,6.36,8.1,2.48,81.5
300725,药石科技,碗口反弹,回落碗中,45.5,-16.8,48.59,43.74,11.09,3.51,15,20.7,20.7,14.63,42.27,57.35,3.67,81.0
300363,博腾股份,碗口反弹,回落碗中,19.75,-18.0,20.65,19.16,7.74,3.19,15,19.3,35.0,8.89,18.32,24.48,3.31,81.0
688265,南模生物,碗口反弹,回落碗中,40.2,7.7,42.4,39.87,6.37,6.0,15,23.3,44.7,1.57,36.79,52.42,3.58,80.6
002762,金发拉比,碗口反弹,回落碗中,9.45,-4.3,9.72,9.08,7.05,2.19,12,16.7,16.7,1.52,8.9,11.34,3.44,80.0
603882,金域医学,碗口反弹,靠近多空线,27.42,-13.0,29.17,27.76,5.05,2.71,5,15.2,59.0,3.87,26.07,32.32,3.63,77.6
688046,药康生物,碗口反弹,回落碗中,32.5,-6.0,34.7,29.63,17.08,2.23,14,25.2,25.2,6.92,29.04,43.47,3.17,77.0
300759,康龙化成,碗口反弹,回落碗中,43.78,-8.9,46.07,39.82,15.69,2.6,18,18.3,18.3,37.5,39.02,53.57,2.06,77.0
300404,博济医药,碗口反弹,回落碗中,13.24,-17.4,13.73,11.94,14.96,2.62,15,26.4,26.4,7.89,11.7,17.99,3.08,77.0
301080,百普赛斯,碗口反弹,回落碗中,82.5,-11.9,83.23,67.81,22.74,2.42,15,19.7,19.7,15.75,66.45,102.79,1.26,77.0
002674,兴业科技,碗口反弹,回落碗中,24.89,-1.6,27.37,24.63,11.1,2.81,28,21.2,26.5,7.18,22.76,33.88,4.22,77.0
688131,皓元医药,碗口反弹,回落碗中,93.58,18.4,94.16,87.61,7.47,3.59,15,10.4,10.4,6.27,85.86,104.44,1.41,77.0
688222,成都先导,碗口反弹,回落碗中,32.86,-12.8,35.16,32.71,7.52,2.08,15,21.3,23.5,8.48,30.21,41.78,3.37,77.0
688293,奥浦迈,碗口反弹,回落碗中,55.1,-9.0,60.34,54.89,9.92,2.58,15,23.3,23.3,3.26,50.74,71.88,3.85,77.0
300009,安科生物,碗口反弹,靠近多空线,8.52,6.8,8.72,8.56,1.82,7.72,6,16.1,34.8,5.08,8.03,10.15,3.33,76.7
300795,米奥会展,碗口反弹,回落碗中,13.31,14.8,14.65,13.23,10.72,2.25,1,29.5,69.4,6.23,11.78,18.88,3.64,75.0
603669,灵康药业,碗口反弹,靠近多空线,5.49,11.4,5.83,5.6,4.06,7.05,27,14.9,42.5,1.43,5.13,8.4,8.08,74.1
300314,戴维医疗,碗口反弹,回落碗中,11.86,-17.0,12.23,11.36,7.71,2.14,15,29.8,31.8,1.83,11.07,16.9,6.38,74.0
688247,宣泰医药,碗口反弹,回落碗中,9.49,9.2,9.64,9.21,4.67,2.65,15,16.2,32.2,1.1,8.93,11.33,3.29,74.0
300119,瑞普生物,碗口反弹,靠近多空线,17.3,12.1,17.99,17.36,3.63,8.24,12,14.6,40.1,1.5,16.55,20.26,3.95,73.5
688073,毕得医药,碗口反弹,靠近多空线,61.44,-14.9,68.39,61.79,10.69,3.17,15,30.9,30.9,4.3,56.17,88.88,5.21,73.0
600267,海正药业,碗口反弹,靠近多空线,12.2,1.9,13.05,12.21,6.93,3.03,14,18.7,18.7,8.51,11.55,15.0,4.31,73.0
300797,钢研纳克,碗口反弹,靠近多空线,13.87,2.4,13.65,13.5,1.12,5.39,9,14.0,36.7,1.03,13.23,16.13,3.53,72.7
603456,九洲药业,碗口反弹,靠近多空线,15.55,-3.2,16.35,15.56,5.08,2.51,15,16.0,30.1,6.48,14.7,18.51,3.48,72.6
002552,宝鼎科技,碗口反弹,回落碗中,53.19,19.8,53.45,50.36,6.14,2.33,13,15.3,32.7,18.79,48.01,78.98,4.98,72.2
688469,芯联集成,碗口反弹,回落碗中,8.58,8.7,8.75,8.46,3.49,2.32,13,10.4,23.6,12.87,8.18,11.23,6.62,72.2
689009,九号公司,碗口反弹,回落碗中,42.38,4.7,43.45,42.03,3.38,2.54,13,10.5,45.0,5.17,40.62,47.34,2.82,72.1
688520,神州细胞,碗口反弹,靠近多空线,36.43,-0.8,37.56,37.32,0.64,3.17,6,16.3,59.1,1.53,34.48,43.55,3.65,72.0
603369,今世缘,碗口反弹,回落碗中,28.47,17.9,28.48,27.58,3.26,3.39,12,8.1,53.4,5.2,27.02,30.99,1.74,71.9
000026,飞亚达,碗口反弹,回落碗中,20.07,9.8,20.12,19.48,3.3,2.25,21,15.0,27.8,2.91,18.86,23.61,2.93,71.9
600667,太极实业,碗口反弹,靠近多空线,19.53,-2.2,20.73,19.58,5.88,2.29,23,21.5,39.2,65.69,17.92,32.1,7.81,70.8
001358,兴欣新材,碗口反弹,回落碗中,25.48,5.2,25.66,25.39,1.08,2.25,9,11.2,39.6,1.09,24.23,28.85,2.7,70.6
603658,安图生物,碗口反弹,回落碗中,33.07,13.0,33.5,32.86,1.96,3.18,10,6.8,50.2,1.52,32.0,35.49,2.26,69.9
300347,泰格医药,碗口反弹,靠近多空线,49.85,5.7,52.56,50.57,3.94,2.94,6,14.1,39.8,12.21,46.6,58.0,2.51,69.9
688011,新光光电,碗口反弹,靠近短期趋势线,79.0,19.7,78.37,72.39,8.25,3.38,19,12.0,12.0,1.93,70.95,89.82,1.34,69.0
301060,兰卫医学,碗口反弹,靠近短期趋势线,11.16,-2.6,11.09,10.22,8.49,2.69,11,20.1,24.4,3.54,10.02,13.96,2.46,69.0
688278,特宝生物,碗口反弹,靠近多空线,58.4,-9.3,60.11,59.32,1.33,2.42,7,12.6,37.6,3.4,55.75,66.8,3.17,69.0
002262,恩华药业,碗口反弹,回落碗中,22.04,19.9,22.11,21.54,2.61,2.69,8,5.7,26.5,2.73,21.11,23.38,1.44,68.9
300985,致远新能,碗口反弹,靠近短期趋势线,37.71,11.6,37.42,35.09,6.62,3.36,10,13.6,35.0,2.03,34.39,58.0,6.11,68.9
301089,拓新药业,碗口反弹,靠近多空线,23.6,15.5,24.39,24.12,1.15,5.89,7,15.4,50.9,1.06,22.37,27.88,3.48,68.7
002727,一心堂,碗口反弹,靠近多空线,11.25,8.2,11.7,11.57,1.11,3.03,13,12.9,51.6,1.61,10.84,12.91,4.05,67.7
688289,圣湘生物,碗口反弹,靠近多空线,15.66,19.9,15.79,15.75,0.23,5.07,6,14.5,40.6,1.48,14.89,18.31,3.44,67.4
603699,纽威股份,碗口反弹,靠近多空线,50.7,-9.5,52.01,51.21,1.57,2.02,22,10.2,24.5,3.48,48.43,58.91,3.62,67.3
688077,大地熊,碗口反弹,靠近短期趋势线,28.3,0.3,27.76,27.35,1.5,3.67,8,14.4,37.7,1.06,26.81,33.48,3.48,67.2
300149,睿智医药,碗口反弹,靠近多空线,9.68,3.5,10.32,9.92,4.01,2.63,6,21.2,36.6,5.06,8.9,12.29,3.35,67.0
301129,瑞纳智能,碗口反弹,靠近多空线,23.41,20.0,23.14,22.77,1.62,3.22,8,11.5,33.1,1.18,21.99,26.49,2.17,66.4
603368,柳药集团,碗口反弹,靠近多空线,15.92,12.0,16.06,15.99,0.44,4.77,11,7.0,33.9,1.02,15.55,17.11,3.22,65.7
300452,山河药辅,碗口反弹,靠近多空线,12.93,13.4,12.88,12.78,0.81,3.57,7,10.5,24.6,1.01,12.44,14.45,3.1,65.2
300017,网宿科技,碗口反弹,回落碗中,15.31,13.4,15.36,15.15,1.39,2.46,10,12.9,36.5,34.4,14.35,17.58,2.36,65.1
688669,聚石化学,碗口反弹,靠近短期趋势线,74.8,16.6,73.39,67.97,7.98,2.16,17,8.6,36.9,3.08,66.61,118.5,5.34,65.0
000048,京基智农,碗口反弹,靠近短期趋势线,22.17,18.0,22.16,20.8,6.54,2.47,17,10.9,16.0,3.86,20.39,26.38,2.37,64.8
002675,东诚药业,碗口反弹,靠近多空线,12.9,14.3,13.04,12.98,0.48,3.43,7,6.0,30.9,1.12,12.56,13.72,2.41,64.7
300453,三鑫医疗,碗口反弹,靠近多空线,9.65,1.2,9.78,9.66,1.23,2.96,11,7.7,17.1,1.55,9.31,10.46,2.38,63.8
301602,超研股份,碗口反弹,靠近多空线,16.44,5.9,16.91,16.51,2.45,2.31,11,22.7,57.8,1.59,15.52,21.28,5.26,62.7
002370,亚太药业,碗口反弹,靠近多空线,5.55,8.7,5.64,5.63,0.16,2.89,13,16.3,41.0,2.48,5.27,6.63,3.86,62.2
300705,九典制药,碗口反弹,靠近多空线,11.33,12.7,11.57,11.46,0.99,2.02,7,14.1,71.5,1.84,10.76,13.19,3.26,61.5
688237,超卓航科,碗口反弹,靠近多空线,55.66,12.2,57.39,56.13,2.25,2.24,17,10.9,22.6,1.33,52.51,71.91,5.16,61.4
000009,中国宝安,碗口反弹,靠近多空线,7.26,13.4,7.51,7.38,1.83,2.37,15,13.5,43.2,3.45,7.01,8.39,4.52,60.7
002219,新里程,碗口反弹,靠近短期趋势线,2.27,18.0,2.27,2.19,3.59,2.49,12,14.7,31.2,3.7,2.15,2.66,3.25,60.4
000756,新华制药,碗口反弹,靠近多空线,13.43,16.1,13.81,13.81,0.03,2.27,7,9.3,28.2,2.01,12.91,15.43,3.85,60.1
603713,密尔克卫,碗口反弹,靠近多空线,64.51,16.1,65.36,64.56,1.24,2.46,16,7.8,23.2,1.97,61.45,83.97,6.36,59.9
000908,石药景峰,碗口反弹,靠近多空线,6.52,14.7,6.72,6.65,1.0,2.55,16,11.3,31.2,1.87,6.2,7.84,4.13,59.5
002550,千红制药,碗口反弹,靠近多空线,6.74,18.1,6.87,6.81,0.86,2.61,11,12.8,47.1,2.28,6.45,7.73,3.41,59.3
601882,海天精工,碗口反弹,靠近多空线,19.92,11.9,20.12,19.99,0.65,2.79,13,9.3,34.1,1.69,19.18,21.97,2.77,59.0
