排名,代码,名称,策略,类型,最新价,今日涨幅%,前低支撑,破底最低,破底深度%,收回幅度%,站稳天数,距60日高跌幅%,距年高跌幅%,历史分位%,量比vs5日均,MA5,MA20,止损位,目标位,盈亏比,score,命中策略,命中数,最强分,扫描总数,有效K线数,盈亏比不足,分类,J值,短期趋势线,多空线,趋势强度%,放量倍数,放量距今,近20日回撤%,日均成交额亿
1,688520,神州细胞,破底翻,破底翻,36.43,-1.22,35.36,33.15,6.3,3.0,19.0,16.3,59.1,15.6,0.54,36.65,37.47,34.3,43.55,3.34,84.0,破底翻/碗口反弹,2,72.0,4919,4583,False,靠近多空线,-0.8,37.56,37.32,0.64,3.17,6.0,16.3,1.53
2,301047,义翘神州,碗口反弹,,101.91,,,,,,,,26.9,,,,,91.5,139.49,3.61,84.0,碗口反弹,1,84.0,4919,4583,False,回落碗中,-16.1,110.76,93.37,18.62,4.45,18.0,26.9,14.19
3,688505,复旦张江,碗口反弹,,8.19,,,,,,,,29.9,,,,,7.77,9.1,2.17,83.7,碗口反弹,1,83.7,4919,4583,False,回落碗中,-10.8,8.28,7.93,4.5,4.55,11.0,10.0,1.15
4,002346,柘中股份,碗口反弹,,20.65,,,,,,,,24.9,,,,,19.29,27.48,5.02,82.3,碗口反弹,1,82.3,4919,4583,False,回落碗中,-10.1,21.77,20.49,6.21,3.9,9.0,24.9,2.58
5,601199,江南水务,碗口反弹,,6.17,,,,,,,,9.0,,,,,5.89,6.78,2.18,81.9,碗口反弹,1,81.9,4919,4583,False,回落碗中,-1.2,6.2,6.01,3.24,5.46,14.0,9.0,1.17
6,688238,和元生物,碗口反弹,,6.86,,,,,,,,25.4,,,,,6.36,8.1,2.48,81.5,碗口反弹,1,81.5,4919,4583,False,回落碗中,10.5,6.98,6.56,6.32,4.45,6.0,15.3,2.5
7,300725,药石科技,碗口反弹,,45.5,,,,,,,,20.7,,,,,42.27,57.35,3.67,81.0,碗口反弹,1,81.0,4919,4583,False,回落碗中,-16.8,48.59,43.74,11.09,3.51,15.0,20.7,14.63
8,300363,博腾股份,碗口反弹,,19.75,,,,,,,,35.0,,,,,18.32,24.48,3.31,81.0,碗口反弹,1,81.0,4919,4583,False,回落碗中,-18.0,20.65,19.16,7.74,3.19,15.0,19.3,8.89
9,688265,南模生物,碗口反弹,,40.2,,,,,,,,44.7,,,,,36.79,52.42,3.58,80.6,碗口反弹,1,80.6,4919,4583,False,回落碗中,7.7,42.4,39.87,6.37,6.0,15.0,23.3,1.57
10,002590,万安科技,破底翻,破底翻,9.77,2.09,9.33,8.56,8.3,4.7,23.0,23.1,49.2,5.6,1.99,9.56,9.54,9.05,12.7,4.07,80.0,破底翻,1,80.0,4919,4583,False,,,,,,,,,
11,002762,金发拉比,碗口反弹,,9.45,,,,,,,,16.7,,,,,8.9,11.34,3.44,80.0,碗口反弹,1,80.0,4919,4583,False,回落碗中,-4.3,9.72,9.08,7.05,2.19,12.0,16.7,1.52
12,688651,盛邦安全,破底翻,破底翻,23.19,2.29,20.85,19.5,6.5,11.2,25.0,35.6,61.6,4.5,2.53,22.74,23.0,20.22,36.03,4.32,80.0,破底翻,1,80.0,4919,4583,False,,,,,,,,,
13,300978,东箭科技,破底翻,破底翻,8.89,1.14,8.39,7.78,7.3,6.0,24.0,17.3,41.3,8.7,1.67,8.74,8.66,8.14,10.75,2.48,80.0,破底翻,1,80.0,4919,4583,False,,,,,,,,,
14,603262,技源集团,破底翻,破底翻,18.83,0.75,18.78,17.67,5.9,0.3,5.0,40.5,63.6,4.1,1.88,18.6,18.87,18.05,31.65,16.44,80.0,破底翻,1,80.0,4919,4583,False,,,,,,,,,
15,603190,亚通精工,破底翻,破底翻,16.11,-3.19,16.42,14.18,13.6,-1.9,20.0,40.3,52.6,1.8,2.49,16.52,16.58,15.5,26.99,17.84,80.0,破底翻,1,80.0,4919,4583,False,,,,,,,,,
16,300188,国投智能,破底翻,破底翻,10.49,0.77,9.79,9.24,5.6,7.2,38.0,16.1,47.4,8.5,1.61,10.45,10.85,9.5,12.5,2.03,80.0,破底翻,1,80.0,4919,4583,False,,,,,,,,,
17,603863,松炀资源,破底翻,破底翻,12.98,2.2,12.16,11.4,6.2,6.7,25.0,19.4,72.1,8.9,1.51,12.71,12.77,11.8,16.11,2.65,80.0,破底翻,1,80.0,4919,4583,False,,,,,,,,,
18,301278,快可电子,破底翻,破底翻,28.62,2.4,27.28,23.95,12.2,4.9,20.0,19.1,44.3,7.3,1.68,28.04,27.68,26.46,35.37,3.12,80.0,破底翻,1,80.0,4919,4583,False,,,,,,,,,
19,688225,亚信安全,破底翻,破底翻,12.68,0.16,12.01,11.11,7.5,5.6,21.0,18.0,57.7,17.1,2.7,12.25,12.65,11.65,15.47,2.71,80.0,破底翻,1,80.0,4919,4583,False,,,,,,,,,
20,603409,汇通控股,破底翻,破底翻,18.33,1.27,17.61,16.01,9.1,4.1,20.0,55.3,76.4,10.4,1.66,18.16,17.89,17.08,41.02,18.15,80.0,破底翻,1,80.0,4919,4583,False,,,,,,,,,
21,002771,真视通,破底翻,破底翻,13.2,5.35,12.0,11.27,6.1,10.0,21.0,22.4,49.2,6.5,4.48,12.52,12.72,11.64,17.02,2.45,80.0,破底翻,1,80.0,4919,4583,False,,,,,,,,,
22,600586,金晶科技,破底翻,破底翻,4.33,2.85,4.16,3.89,6.5,4.1,25.0,17.7,45.7,6.9,1.81,4.23,4.21,4.04,5.26,3.21,80.0,破底翻,1,80.0,4919,4583,False,,,,,,,,,
23,688157,松井股份,破底翻,破底翻,19.5,0.98,18.9,16.44,13.0,3.2,19.0,33.6,63.1,5.2,1.6,19.32,19.1,18.33,29.36,8.43,80.0,破底翻,1,80.0,4919,4583,False,,,,,,,,,
24,300492,华图山鼎,破底翻,破底翻,24.13,7.44,22.45,20.8,7.3,7.5,24.0,41.1,78.9,3.2,2.44,23.29,25.16,21.78,40.95,7.16,80.0,破底翻,1,80.0,4919,4583,False,,,,,,,,,
25,688697,纽威数控,破底翻,破底翻,14.91,-3.74,14.31,10.82,24.4,4.2,18.0,31.0,42.6,25.5,2.76,14.78,14.5,13.88,21.6,6.5,79.0,破底翻,1,79.0,4919,4583,False,,,,,,,,,
26,300629,新劲刚,破底翻,破底翻,17.94,1.53,16.99,16.0,5.8,5.6,21.0,20.2,47.8,21.0,2.07,17.29,17.44,16.48,22.49,3.12,79.0,破底翻,1,79.0,4919,4583,False,,,,,,,,,
27,688410,山外山,破底翻,破底翻,11.07,2.12,10.22,9.4,8.0,8.3,24.0,30.9,60.9,18.5,3.54,10.93,11.09,9.91,16.01,4.26,78.0,破底翻,1,78.0,4919,4583,False,,,,,,,,,
28,300722,新余国科,破底翻,破底翻,21.5,1.03,20.71,19.38,6.4,3.8,27.0,18.6,54.2,19.5,1.51,21.22,21.57,20.09,26.42,3.49,78.0,破底翻,1,78.0,4919,4583,False,,,,,,,,,
29,300229,拓尔思,破底翻,破底翻,13.29,-0.15,12.74,11.91,6.5,4.3,25.0,21.8,57.1,13.7,2.6,13.23,14.32,12.36,16.99,3.98,78.0,破底翻,1,78.0,4919,4583,False,,,,,,,,,
30,301187,欧圣电气,破底翻,破底翻,14.43,-3.15,13.6,12.8,5.9,6.1,25.0,19.1,70.4,3.5,1.82,14.73,15.28,13.19,17.83,2.74,78.0,破底翻,1,78.0,4919,4583,False,,,,,,,,,
31,001269,欧晶科技,破底翻,破底翻,19.5,2.36,18.66,16.62,10.9,4.5,22.0,37.5,63.7,4.8,1.73,19.15,19.38,18.1,31.22,8.37,78.0,破底翻,1,78.0,4919,4583,False,,,,,,,,,
32,688590,新致软件,破底翻,破底翻,12.1,-5.47,11.73,10.99,6.3,3.2,25.0,27.4,56.3,11.9,2.4,12.5,13.09,11.38,16.67,6.35,78.0,破底翻,1,78.0,4919,4583,False,,,,,,,,,
33,600588,用友网络,破底翻,破底翻,10.25,0.69,9.86,8.75,11.3,4.0,23.0,17.7,48.8,19.2,3.37,10.16,11.17,9.56,12.45,3.19,78.0,破底翻,1,78.0,4919,4583,False,,,,,,,,,
34,603960,克来机电,破底翻,破底翻,15.9,-2.09,15.22,13.56,10.9,4.5,24.0,29.2,64.5,3.2,1.58,15.93,16.12,14.76,22.47,5.76,78.0,破底翻,1,78.0,4919,4583,False,,,,,,,,,
35,688267,中触媒,破底翻,破底翻,19.26,3.55,18.03,15.92,11.7,6.8,25.0,39.3,46.1,11.1,2.73,18.61,18.82,17.49,31.71,7.03,78.0,破底翻,1,78.0,4919,4583,False,,,,,,,,,
36,300759,康龙化成,碗口反弹,,43.78,,,,,,,,18.3,,,,,39.02,53.57,2.06,77.0,碗口反弹,1,77.0,4919,4583,False,回落碗中,-8.9,46.07,39.82,15.69,2.6,18.0,18.3,37.5
37,300404,博济医药,碗口反弹,,13.24,,,,,,,,26.4,,,,,11.7,17.99,3.08,77.0,碗口反弹,1,77.0,4919,4583,False,回落碗中,-17.4,13.73,11.94,14.96,2.62,15.0,26.4,7.89
38,002674,兴业科技,碗口反弹,,24.89,,,,,,,,26.5,,,,,22.76,33.88,4.22,77.0,碗口反弹,1,77.0,4919,4583,False,回落碗中,-1.6,27.37,24.63,11.1,2.81,28.0,21.2,7.18
39,688222,成都先导,碗口反弹,,32.86,,,,,,,,23.5,,,,,30.21,41.78,3.37,77.0,碗口反弹,1,77.0,4919,4583,False,回落碗中,-12.8,35.16,32.71,7.52,2.08,15.0,21.3,8.48
40,688293,奥浦迈,碗口反弹,,55.1,,,,,,,,23.3,,,,,50.74,71.88,3.85,77.0,碗口反弹,1,77.0,4919,4583,False,回落碗中,-9.0,60.34,54.89,9.92,2.58,15.0,23.3,3.26
41,688046,药康生物,碗口反弹,,32.5,,,,,,,,25.2,,,,,29.04,43.47,3.17,77.0,碗口反弹,1,77.0,4919,4583,False,回落碗中,-6.0,34.7,29.63,17.08,2.23,14.0,25.2,6.92
42,002456,欧菲光,破底翻,破底翻,7.61,0.4,7.06,6.75,4.4,7.8,6.0,25.3,59.6,8.5,1.65,7.29,7.34,6.85,10.19,3.39,77.0,破底翻,1,77.0,4919,4583,False,,,,,,,,,
43,301586,佳力奇,破底翻,破底翻,29.8,-5.0,30.2,28.27,6.4,-1.3,23.0,20.3,62.3,1.9,2.82,30.84,31.43,28.71,37.4,6.97,77.0,破底翻,1,77.0,4919,4583,False,,,,,,,,,
44,301199,迈赫股份,破底翻,破底翻,17.72,0.74,17.71,16.5,6.8,0.1,21.0,20.5,55.6,4.0,3.12,17.62,18.18,16.96,22.28,6.0,77.0,破底翻,1,77.0,4919,4583,False,,,,,,,,,
45,688680,海优新材,破底翻,破底翻,35.4,6.15,33.8,31.94,5.5,4.7,25.0,23.7,52.8,27.3,3.72,33.87,34.75,32.79,46.38,4.21,77.0,破底翻,1,77.0,4919,4583,False,,,,,,,,,
46,603499,翔港科技,破底翻,破底翻,12.23,1.75,11.5,10.4,9.6,6.3,20.0,41.1,68.5,6.3,1.11,11.91,12.19,11.16,20.76,7.97,77.0,破底翻,1,77.0,4919,4583,False,,,,,,,,,
47,002605,姚记科技,破底翻,破底翻,17.16,-1.15,17.56,16.59,5.5,-2.3,23.0,18.1,54.4,1.5,2.17,17.37,17.99,16.66,20.95,7.58,77.0,破底翻,1,77.0,4919,4583,False,,,,,,,,,
48,301268,铭利达,破底翻,破底翻,12.89,-3.88,12.73,11.88,6.7,1.3,23.0,26.9,52.2,1.9,2.21,13.29,13.36,12.35,17.64,8.8,77.0,破底翻,1,77.0,4919,4583,False,,,,,,,,,
49,688399,硕世生物,破底翻,破底翻,28.37,0.53,27.5,23.79,13.5,3.2,19.0,47.3,73.0,2.3,1.06,28.24,28.74,26.68,53.87,15.09,77.0,破底翻,1,77.0,4919,4583,False,,,,,,,,,
50,600933,爱柯迪,破底翻,破底翻,13.42,-3.31,13.57,12.75,6.0,-1.1,23.0,16.1,45.2,8.7,2.21,13.78,13.82,13.04,16.0,6.79,77.0,破底翻,1,77.0,4919,4583,False,,,,,,,,,
51,301662,宏工科技,破底翻,破底翻,79.07,6.28,68.73,60.86,11.5,15.0,25.0,28.8,62.0,20.1,1.7,74.3,71.26,66.67,111.0,2.58,77.0,破底翻,1,77.0,4919,4583,False,,,,,,,,,
52,300009,安科生物,碗口反弹,,8.52,,,,,,,,34.8,,,,,8.03,10.15,3.33,76.7,碗口反弹,1,76.7,4919,4583,False,靠近多空线,6.8,8.72,8.56,1.82,7.72,6.0,16.1,5.08
53,300988,津荣天宇,破底翻,破底翻,14.88,-0.2,14.36,13.22,7.9,3.6,20.0,18.1,53.6,5.6,1.0,14.71,14.77,13.93,18.17,3.46,76.0,破底翻,1,76.0,4919,4583,False,,,,,,,,,
54,300793,佳禾智能,破底翻,破底翻,11.37,0.35,10.88,10.06,7.5,4.5,24.0,16.3,52.0,7.4,1.18,11.17,11.16,10.55,13.59,2.71,76.0,破底翻,1,76.0,4919,4583,False,,,,,,,,,
55,605166,聚合顺,破底翻,破底翻,8.46,0.95,8.09,7.64,5.6,4.6,25.0,23.8,40.3,5.6,1.22,8.34,8.51,7.85,11.1,4.33,76.0,破底翻,1,76.0,4919,4583,False,,,,,,,,,
56,600630,龙头股份,破底翻,破底翻,6.96,1.46,6.4,5.98,6.6,8.7,24.0,34.9,45.8,6.1,1.17,6.82,6.71,6.21,10.69,4.97,76.0,破底翻,1,76.0,4919,4583,False,,,,,,,,,
57,603179,新泉股份,破底翻,破底翻,39.46,-0.88,37.88,35.05,7.5,4.2,5.0,29.4,63.6,8.5,0.73,38.48,38.92,36.74,55.93,6.06,76.0,破底翻,1,76.0,4919,4583,False,,,,,,,,,
58,603878,武进不锈,破底翻,破底翻,5.15,1.38,4.71,4.33,8.1,9.3,25.0,21.6,59.2,9.5,1.06,5.1,5.03,4.57,6.57,2.45,76.0,破底翻,1,76.0,4919,4583,False,,,,,,,,,
59,301636,泽润新能,破底翻,破底翻,40.33,0.27,37.63,34.96,7.1,7.2,25.0,19.3,64.6,8.9,1.17,40.13,40.39,36.5,50.0,2.52,76.0,破底翻,1,76.0,4919,4583,False,,,,,,,,,
60,688567,孚能科技,破底翻,破底翻,10.04,3.29,9.72,8.91,8.3,3.3,25.0,18.3,55.6,15.3,1.56,9.73,9.97,9.43,12.29,3.69,76.0,破底翻,1,76.0,4919,4583,False,,,,,,,,,
61,301180,万祥科技,破底翻,破底翻,11.95,0.84,11.31,10.15,10.3,5.7,20.0,21.3,49.0,7.4,0.88,11.91,11.69,10.97,15.18,3.3,76.0,破底翻,1,76.0,4919,4583,False,,,,,,,,,
62,301383,天键股份,破底翻,破底翻,23.79,-1.41,21.7,19.36,10.8,9.6,20.0,20.4,64.3,6.1,0.72,23.44,22.54,21.05,29.89,2.23,76.0,破底翻,1,76.0,4919,4583,False,,,,,,,,,
63,605555,德昌股份,破底翻,破底翻,12.52,-0.63,11.43,10.55,7.7,9.5,23.0,24.6,59.1,6.3,0.59,12.38,12.13,11.09,16.6,2.85,76.0,破底翻,1,76.0,4919,4583,False,,,,,,,,,
64,300956,英力股份,破底翻,破底翻,11.37,1.97,10.73,9.33,13.0,6.0,20.0,26.6,62.1,9.4,1.05,11.19,11.12,10.41,15.5,4.3,76.0,破底翻,1,76.0,4919,4583,False,,,,,,,,,
65,300698,万马科技,破底翻,破底翻,26.27,-1.54,24.75,22.56,8.8,6.1,21.0,26.4,54.5,6.5,0.6,26.18,25.8,24.01,35.71,4.18,76.0,破底翻,1,76.0,4919,4583,False,,,,,,,,,
66,000785,居然智家,破底翻,破底翻,2.29,1.78,2.21,1.98,10.4,3.6,25.0,15.8,59.1,8.4,1.05,2.27,2.26,2.14,2.72,2.87,76.0,破底翻,1,76.0,4919,4583,False,,,,,,,,,
67,301229,纽泰格,破底翻,破底翻,12.31,0.9,11.77,10.65,9.5,4.6,20.0,17.5,65.3,5.8,1.01,12.26,12.17,11.42,14.92,2.93,76.0,破底翻,1,76.0,4919,4583,False,,,,,,,,,
68,300351,永贵电器,破底翻,破底翻,14.09,-1.19,12.81,11.77,8.1,10.0,28.0,31.4,50.4,6.8,0.76,14.04,14.12,12.43,20.53,3.88,76.0,破底翻,1,76.0,4919,4583,False,,,,,,,,,
69,002395,双象股份,破底翻,破底翻,12.47,-0.64,11.92,11.24,5.7,4.6,25.0,25.7,41.2,7.1,0.99,12.44,12.38,11.56,16.78,4.74,76.0,破底翻,1,76.0,4919,4583,False,,,,,,,,,
70,002449,国星光电,破底翻,破底翻,6.63,0.15,6.24,5.9,5.4,6.2,24.0,24.3,54.1,8.9,0.47,6.6,6.5,6.05,8.76,3.67,76.0,破底翻,1,76.0,4919,4583,False,,,,,,,,,
71,300278,华昌达,破底翻,破底翻,3.76,-2.59,3.64,3.35,8.0,3.3,23.0,22.5,57.6,28.2,1.98,3.79,3.86,3.53,4.85,4.74,75.0,破底翻,1,75.0,4919,4583,False,,,,,,,,,
72,300337,银邦股份,破底翻,破底翻,9.83,-1.4,9.4,8.76,6.8,4.6,23.0,25.2,54.9,28.9,1.54,9.85,9.97,9.12,13.15,4.68,75.0,破底翻,1,75.0,4919,4583,False,,,,,,,,,
73,301042,安联锐视,破底翻,破底翻,32.48,-2.17,26.64,25.24,5.3,21.9,21.0,71.4,71.4,19.4,1.22,32.7,32.45,25.84,113.72,12.23,75.0,破底翻,1,75.0,4919,4583,False,,,,,,,,,
74,300624,万兴科技,破底翻,破底翻,47.22,0.7,46.77,44.38,5.1,1.0,25.0,21.3,61.9,8.9,1.91,47.02,52.65,44.62,60.0,4.92,75.0,破底翻,1,75.0,4919,4583,False,,,,,,,,,
75,300781,因赛集团,破底翻,破底翻,26.14,0.46,25.5,22.89,10.2,2.5,23.0,16.2,72.2,4.4,1.51,26.15,27.86,24.74,31.21,3.62,75.0,破底翻,1,75.0,4919,4583,False,,,,,,,,,
76,300364,中文在线,破底翻,破底翻,22.73,0.66,21.51,18.51,13.9,5.7,21.0,16.7,48.1,26.5,1.6,22.51,24.26,20.86,27.3,2.44,75.0,破底翻,1,75.0,4919,4583,False,,,,,,,,,
77,688435,英方软件,破底翻,破底翻,29.59,0.44,27.11,25.33,6.6,9.1,24.0,25.9,54.9,23.7,1.89,29.61,30.83,26.3,39.91,3.14,75.0,破底翻,1,75.0,4919,4583,False,,,,,,,,,
78,300075,数字政通,破底翻,破底翻,10.77,-2.09,10.75,10.01,6.9,0.2,25.0,15.5,57.3,4.2,1.55,10.83,11.12,10.38,12.75,5.08,75.0,破底翻,1,75.0,4919,4583,False,,,,,,,,,
79,300873,海晨股份,破底翻,破底翻,15.8,-4.93,15.23,13.73,9.8,3.7,19.0,53.2,53.2,16.0,1.31,15.41,16.11,14.5,33.77,13.82,75.0,破底翻,1,75.0,4919,4583,False,,,,,,,,,
80,605398,新炬网络,破底翻,破底翻,20.74,1.97,19.09,18.11,5.1,8.6,25.0,21.0,61.9,28.9,1.72,20.33,20.69,18.52,26.26,2.49,75.0,破底翻,1,75.0,4919,4583,False,,,,,,,,,
81,002992,宝明科技,破底翻,破底翻,33.86,-2.62,32.27,31.09,3.7,4.9,21.0,33.6,58.6,1.5,1.63,34.14,34.95,31.3,50.96,6.68,75.0,破底翻,1,75.0,4919,4583,False,,,,,,,,,
82,688583,思看科技,破底翻,破底翻,89.4,7.52,80.3,64.77,19.3,11.3,12.0,38.9,48.3,21.9,1.72,84.53,82.01,77.89,146.3,4.94,75.0,破底翻,1,75.0,4919,4583,False,,,,,,,,,
83,001299,美能能源,破底翻,破底翻,9.78,3.16,9.7,9.08,6.4,0.8,25.0,25.9,48.8,2.3,1.97,9.86,9.91,9.41,13.19,9.22,75.0,破底翻,1,75.0,4919,4583,False,,,,,,,,,
84,688369,致远互联,破底翻,破底翻,19.94,1.01,18.5,15.75,14.9,7.8,22.0,20.7,53.5,26.8,1.9,19.75,20.94,17.94,25.16,2.61,75.0,破底翻,1,75.0,4919,4583,False,,,,,,,,,
85,300634,彩讯股份,破底翻,破底翻,19.55,1.82,18.94,17.45,7.9,3.2,21.0,20.6,46.4,28.9,1.96,19.15,20.2,18.37,24.63,4.31,75.0,破底翻,1,75.0,4919,4583,False,,,,,,,,,
86,000032,深桑达Ａ,破底翻,破底翻,14.52,-2.02,13.87,12.31,11.2,4.7,19.0,46.6,56.8,11.0,1.06,14.47,14.61,13.45,27.19,11.84,75.0,破底翻,1,75.0,4919,4583,False,,,,,,,,,
87,603669,灵康药业,碗口反弹,,5.49,,,,,,,,42.5,,,,,5.13,8.4,8.08,74.1,碗口反弹,1,74.1,4919,4583,False,靠近多空线,11.4,5.83,5.6,4.06,7.05,27.0,14.9,1.43
88,688589,力合微,破底翻,破底翻,19.37,-0.72,18.21,16.25,10.8,6.4,19.0,22.1,44.8,6.6,0.49,19.46,18.67,17.66,24.88,3.22,74.0,破底翻,1,74.0,4919,4583,False,,,,,,,,,
89,002096,易普力,破底翻,守住前低,9.72,3.4,8.7,,,11.7,54.0,21.9,43.0,8.7,3.57,9.41,9.45,8.44,12.45,2.13,74.0,破底翻,1,74.0,4919,4583,False,,,,,,,,,
90,300552,万集科技,破底翻,破底翻,21.24,0.43,20.45,18.4,10.0,3.9,23.0,28.0,55.6,7.9,0.79,20.86,21.59,19.84,29.5,5.9,74.0,破底翻,1,74.0,4919,4583,False,,,,,,,,,
91,301051,信濠光电,破底翻,破底翻,17.82,2.47,15.18,12.28,19.1,17.4,18.0,26.9,66.6,6.8,0.97,17.72,18.8,14.72,24.39,2.12,74.0,破底翻,1,74.0,4919,4583,False,,,,,,,,,
92,002453,华软科技,破底翻,破底翻,4.56,0.66,4.32,3.73,13.7,5.6,20.0,20.8,53.3,17.7,0.97,4.48,4.41,4.19,5.76,3.24,74.0,破底翻,1,74.0,4919,4583,False,,,,,,,,,
93,301152,天力锂能,破底翻,破底翻,22.13,-2.38,21.12,18.26,13.5,4.8,5.0,19.5,52.4,9.5,0.58,23.06,20.6,20.49,27.5,3.27,74.0,破底翻,1,74.0,4919,4583,False,,,,,,,,,
94,688303,大全能源,破底翻,破底翻,17.45,-0.11,16.92,15.54,8.2,3.1,30.0,24.3,54.6,3.2,0.72,17.55,18.37,16.41,23.06,5.39,74.0,破底翻,1,74.0,4919,4583,False,,,,,,,,,
95,300424,航新科技,破底翻,破底翻,13.18,-5.92,13.05,12.26,6.1,1.0,27.0,35.2,45.0,22.6,2.71,13.95,14.23,12.58,20.34,11.93,74.0,破底翻,1,74.0,4919,4583,False,,,,,,,,,
96,688556,高测股份,破底翻,守住前低,7.9,-4.13,7.38,,,7.0,28.0,43.3,76.4,2.9,1.6,8.08,8.42,7.16,13.93,8.15,74.0,破底翻,1,74.0,4919,4583,False,,,,,,,,,
97,002036,联创电子,破底翻,破底翻,6.78,-0.29,6.37,5.95,6.6,6.4,25.0,36.6,55.2,11.6,0.7,6.74,6.98,6.18,10.69,6.52,74.0,破底翻,1,74.0,4919,4583,False,,,,,,,,,
98,688247,宣泰医药,碗口反弹,,9.49,,,,,,,,32.2,,,,,8.93,11.33,3.29,74.0,碗口反弹,1,74.0,4919,4583,False,回落碗中,9.2,9.64,9.21,4.67,2.65,15.0,16.2,1.1
99,300910,瑞丰新材,破底翻,破底翻,28.76,4.28,27.0,25.15,6.9,6.5,3.0,18.4,57.8,5.2,1.31,26.85,27.87,26.19,35.26,2.53,74.0,破底翻,1,74.0,4919,4583,False,,,,,,,,,
100,300921,南凌科技,破底翻,破底翻,15.66,-0.51,14.31,12.92,9.7,9.4,20.0,32.3,57.7,5.8,0.78,15.4,15.37,13.88,23.13,4.2,74.0,破底翻,1,74.0,4919,4583,False,,,,,,,,,
101,603636,南威软件,破底翻,破底翻,6.96,0.58,6.47,6.0,7.3,7.6,23.0,29.8,65.1,3.2,1.25,6.91,7.13,6.28,9.91,4.34,74.0,破底翻,1,74.0,4919,4583,False,,,,,,,,,
102,600733,北汽蓝谷,破底翻,破底翻,5.14,0.59,4.76,4.51,5.3,8.0,33.0,18.5,51.6,6.0,0.76,5.05,5.35,4.62,6.31,2.25,74.0,破底翻,1,74.0,4919,4583,False,,,,,,,,,
103,002356,鹏飞绿能,破底翻,破底翻,2.86,2.14,2.7,2.48,8.1,5.9,20.0,15.1,41.6,12.3,1.07,2.8,2.74,2.62,3.37,2.13,74.0,破底翻,1,74.0,4919,4583,False,,,,,,,,,
104,301325,曼恩斯特,破底翻,破底翻,30.56,-0.46,29.01,27.13,6.5,5.3,25.0,31.8,64.3,3.5,0.95,30.62,31.04,28.14,44.84,5.9,74.0,破底翻,1,74.0,4919,4583,False,,,,,,,,,
105,605365,立达信,破底翻,破底翻,14.51,1.75,13.56,12.22,9.9,7.0,21.0,16.1,56.6,18.2,1.27,14.32,13.96,13.15,17.3,2.05,74.0,破底翻,1,74.0,4919,4583,False,,,,,,,,,
106,688635,长进光子,破底翻,破底翻,293.88,-6.28,231.3,200.0,13.5,27.1,19.0,54.7,60.8,25.4,0.92,307.1,295.56,224.36,649.43,5.11,74.0,破底翻,1,74.0,4919,4583,False,,,,,,,,,
107,300314,戴维医疗,碗口反弹,,11.86,,,,,,,,31.8,,,,,11.07,16.9,6.38,74.0,碗口反弹,1,74.0,4919,4583,False,回落碗中,-17.0,12.23,11.36,7.71,2.14,15.0,29.8,1.83
108,301110,青木科技,破底翻,破底翻,35.0,1.36,32.98,31.59,4.2,6.1,25.0,16.3,66.9,20.0,2.19,34.44,36.33,31.99,41.84,2.27,74.0,破底翻,1,74.0,4919,4583,False,,,,,,,,,
109,001388,信通电子,破底翻,破底翻,21.39,0.14,20.9,19.45,6.9,2.3,20.0,40.1,69.4,3.5,0.94,21.31,22.33,20.12,35.68,11.25,74.0,破底翻,1,74.0,4919,4583,False,,,,,,,,,
110,301538,骏鼎达,破底翻,破底翻,41.45,0.14,40.2,34.53,14.1,3.1,2.0,55.9,79.2,5.6,1.09,39.46,39.33,38.99,94.0,21.36,74.0,破底翻,1,74.0,4919,4583,False,,,,,,,,,
111,301149,隆华新材,破底翻,破底翻,8.56,0.71,7.78,6.92,11.1,10.0,20.0,30.6,42.3,13.4,1.08,8.24,7.95,7.55,12.34,3.74,74.0,破底翻,1,74.0,4919,4583,False,,,,,,,,,
112,300897,山科智能,破底翻,破底翻,15.9,-3.81,14.67,12.16,17.1,8.4,25.0,28.5,54.6,6.5,0.88,16.61,16.15,14.23,22.24,3.8,74.0,破底翻,1,74.0,4919,4583,False,,,,,,,,,
113,688597,煜邦电力,破底翻,破底翻,6.51,-1.36,6.23,5.76,7.5,4.5,20.0,34.8,48.2,6.1,1.45,6.66,6.79,6.04,9.98,7.38,74.0,破底翻,1,74.0,4919,4583,False,,,,,,,,,
114,301522,上大股份,破底翻,破底翻,23.27,0.0,22.23,21.02,5.4,4.7,25.0,22.2,77.2,4.8,0.7,23.03,23.36,21.56,29.92,3.89,74.0,破底翻,1,74.0,4919,4583,False,,,,,,,,,
115,600843,上工申贝,破底翻,破底翻,7.11,0.85,6.61,6.23,5.7,7.6,25.0,21.7,63.1,18.1,1.04,7.03,7.05,6.41,9.08,2.81,74.0,破底翻,1,74.0,4919,4583,False,,,,,,,,,
116,301525,儒竞科技,破底翻,破底翻,39.39,0.0,39.36,35.97,8.6,0.1,21.0,49.4,67.8,2.4,1.47,38.99,40.53,37.64,77.88,21.99,74.0,破底翻,1,74.0,4919,4583,False,,,,,,,,,
117,600106,重庆路桥,破底翻,破底翻,4.43,1.84,4.27,4.02,5.9,3.7,24.0,17.2,46.2,13.2,1.07,4.34,4.43,4.14,5.35,3.17,74.0,破底翻,1,74.0,4919,4583,False,,,,,,,,,
118,688212,澳华内镜,破底翻,破底翻,28.24,0.18,27.3,25.37,7.1,3.4,22.0,15.9,57.5,5.0,0.85,27.83,28.85,26.48,33.57,3.03,74.0,破底翻,1,74.0,4919,4583,False,,,,,,,,,
119,600158,中体产业,破底翻,破底翻,7.18,1.13,6.61,6.23,5.7,8.6,29.0,29.5,51.8,11.6,1.23,7.05,7.09,6.41,10.18,3.9,74.0,破底翻,1,74.0,4919,4583,False,,,,,,,,,
120,300563,神宇股份,破底翻,破底翻,24.62,-1.76,23.08,21.07,8.7,6.7,20.0,23.8,66.3,15.6,0.65,24.39,23.78,22.39,32.32,3.45,74.0,破底翻,1,74.0,4919,4583,False,,,,,,,,,
121,300565,科信技术,破底翻,破底翻,10.02,-0.3,9.7,8.24,15.1,3.3,7.0,24.7,45.5,11.9,0.82,9.88,9.73,9.41,13.3,5.38,74.0,破底翻,1,74.0,4919,4583,False,,,,,,,,,
122,603721,中广天择,破底翻,破底翻,17.36,-0.63,16.66,14.4,13.6,4.2,21.0,36.2,61.3,5.2,0.77,17.61,18.0,16.16,27.2,8.2,74.0,破底翻,1,74.0,4919,4583,False,,,,,,,,,
123,603178,圣龙股份,破底翻,破底翻,16.23,-1.52,15.37,13.82,10.1,5.6,25.0,15.0,58.4,7.7,0.89,16.41,16.96,14.91,19.1,2.17,74.0,破底翻,1,74.0,4919,4583,False,,,,,,,,,
124,688083,中望软件,破底翻,破底翻,51.89,-0.95,49.79,42.65,14.3,4.2,19.0,27.9,59.1,5.5,1.05,52.22,52.07,48.3,72.0,5.6,74.0,破底翻,1,74.0,4919,4583,False,,,,,,,,,
125,600992,贵绳股份,破底翻,破底翻,9.88,1.33,9.2,8.62,6.3,7.4,37.0,20.5,48.7,5.3,1.06,9.76,9.9,8.92,12.42,2.65,74.0,破底翻,1,74.0,4919,4583,False,,,,,,,,,
126,300818,耐普矿机,破底翻,破底翻,19.28,0.73,18.53,16.23,12.4,4.0,28.0,20.2,67.8,5.0,0.93,18.94,20.05,17.97,24.15,3.72,74.0,破底翻,1,74.0,4919,4583,False,,,,,,,,,
127,300789,唐源电气,破底翻,破底翻,16.49,-8.49,16.29,15.01,7.9,1.2,21.0,22.7,54.9,27.9,2.44,17.62,18.04,15.49,21.34,4.85,74.0,破底翻,1,74.0,4919,4583,False,,,,,,,,,
128,301596,瑞迪智驱,破底翻,破底翻,46.56,-1.0,45.41,38.18,15.9,2.5,20.0,44.4,73.1,2.1,0.97,46.55,50.15,43.58,83.8,12.5,74.0,破底翻,1,74.0,4919,4583,False,,,,,,,,,
129,600481,双良节能,破底翻,破底翻,4.39,1.15,4.26,3.73,12.4,3.1,20.0,16.9,62.0,16.1,0.95,4.31,4.32,4.13,5.28,3.42,74.0,破底翻,1,74.0,4919,4583,False,,,,,,,,,
130,688188,柏楚电子,破底翻,破底翻,99.01,-0.31,98.5,90.3,8.3,0.5,30.0,43.2,71.0,1.8,0.77,98.98,102.8,95.42,174.42,21.01,74.0,破底翻,1,74.0,4919,4583,False,,,,,,,,,
131,301535,浙江华远,破底翻,破底翻,14.53,1.96,13.61,12.17,10.6,6.8,28.0,17.8,54.6,9.2,0.91,14.38,15.3,13.2,17.67,2.36,74.0,破底翻,1,74.0,4919,4583,False,,,,,,,,,
132,605077,华康股份,破底翻,破底翻,11.15,1.18,10.67,10.04,5.9,4.5,24.0,21.4,57.4,6.5,1.24,10.98,11.03,10.35,14.19,3.8,74.0,破底翻,1,74.0,4919,4583,False,,,,,,,,,
133,001277,速达股份,破底翻,破底翻,30.03,-4.94,28.06,25.21,10.2,7.0,20.0,24.7,47.6,8.9,0.77,31.79,30.46,27.22,39.9,3.51,74.0,破底翻,1,74.0,4919,4583,False,,,,,,,,,
134,688785,恒运昌,破底翻,破底翻,263.0,-4.4,260.17,224.0,13.9,1.1,18.0,47.3,48.3,5.6,1.05,269.45,270.2,244.09,498.74,12.47,74.0,破底翻,1,74.0,4919,4583,False,,,,,,,,,
135,688818,电科蓝天,破底翻,破底翻,45.02,-2.28,45.18,41.35,8.5,-0.4,20.0,47.3,52.6,5.3,0.87,45.18,47.83,42.18,85.49,14.25,74.0,破底翻,1,74.0,4919,4583,False,,,,,,,,,
136,002368,太极股份,破底翻,破底翻,14.09,2.47,13.7,13.05,4.7,2.8,25.0,19.2,57.6,4.7,2.46,13.68,14.25,13.29,17.43,4.17,74.0,破底翻,1,74.0,4919,4583,False,,,,,,,,,
137,603218,日月股份,破底翻,破底翻,9.57,-2.25,9.82,9.34,4.9,-2.5,25.0,17.4,44.0,2.6,2.1,9.69,9.89,9.35,11.58,9.14,74.0,破底翻,1,74.0,4919,4583,False,,,,,,,,,
138,301487,盟固利,破底翻,破底翻,16.49,0.12,15.76,14.48,8.1,4.6,25.0,31.6,57.8,7.6,0.78,16.5,16.38,15.29,24.1,6.34,74.0,破底翻,1,74.0,4919,4583,False,,,,,,,,,
139,300119,瑞普生物,碗口反弹,,17.3,,,,,,,,40.1,,,,,16.55,20.26,3.95,73.5,碗口反弹,1,73.5,4919,4583,False,靠近多空线,12.1,17.99,17.36,3.63,8.24,12.0,14.6,1.5
140,600873,梅花生物,破底翻,破底翻,7.89,1.28,8.02,7.35,8.4,-1.6,5.0,16.4,40.4,2.3,1.27,7.85,7.9,7.67,9.44,7.05,73.0,破底翻,1,73.0,4919,4583,False,,,,,,,,,
141,688292,浩瀚深度,破底翻,破底翻,17.95,2.87,17.03,14.88,12.6,5.4,19.0,19.6,56.1,23.1,1.23,17.38,17.45,16.52,22.32,3.06,73.0,破底翻,1,73.0,4919,4583,False,,,,,,,,,
142,300134,大富科技,破底翻,破底翻,8.49,0.47,8.23,7.29,11.4,3.2,7.0,23.2,56.7,23.9,0.86,8.36,8.45,7.98,11.06,5.04,73.0,破底翻,1,73.0,4919,4583,False,,,,,,,,,
143,603703,盛洋科技,破底翻,破底翻,10.23,0.69,9.43,7.89,16.3,8.5,17.0,25.3,48.8,29.5,0.67,10.01,9.62,9.15,13.7,3.21,73.0,破底翻,1,73.0,4919,4583,False,,,,,,,,,
144,301238,瑞泰新材,破底翻,破底翻,16.4,-0.55,15.9,14.5,8.8,3.1,25.0,38.6,41.2,27.1,0.71,16.3,16.42,15.42,26.69,10.5,73.0,破底翻,1,73.0,4919,4583,False,,,,,,,,,
145,301428,世纪恒通,破底翻,破底翻,27.7,-0.72,26.97,25.39,5.9,2.7,21.0,31.7,51.1,16.9,1.82,27.82,28.96,26.16,40.57,8.36,73.0,破底翻,1,73.0,4919,4583,False,,,,,,,,,
146,603030,全筑股份,破底翻,破底翻,2.13,1.43,2.06,1.75,15.0,3.4,19.0,16.1,48.4,27.6,0.85,2.1,2.07,2.0,2.54,3.15,73.0,破底翻,1,73.0,4919,4583,False,,,,,,,,,
147,601689,拓普集团,破底翻,破底翻,47.09,-0.72,47.1,44.1,6.4,-0.0,21.0,33.1,45.8,18.7,1.8,46.84,48.67,45.21,70.37,12.38,73.0,破底翻,1,73.0,4919,4583,False,,,,,,,,,
148,603018,华设集团,破底翻,破底翻,5.34,1.14,5.14,4.98,3.1,3.9,25.0,24.3,51.2,5.0,1.07,5.3,5.31,4.99,7.05,4.89,73.0,破底翻,1,73.0,4919,4583,False,,,,,,,,,
149,688073,毕得医药,碗口反弹,,61.44,,,,,,,,30.9,,,,,56.17,88.88,5.21,73.0,碗口反弹,1,73.0,4919,4583,False,靠近多空线,-14.9,68.39,61.79,10.69,3.17,15.0,30.9,4.3
150,001369,双欣材料,破底翻,破底翻,12.45,-0.95,12.81,11.46,10.5,-2.8,4.0,24.5,50.2,8.7,1.65,12.45,12.73,12.09,16.5,11.25,73.0,破底翻,1,73.0,4919,4583,False,,,,,,,,,
151,603421,鼎信通讯,破底翻,破底翻,5.97,2.4,5.66,5.17,8.7,5.5,20.0,17.0,47.4,22.7,1.43,5.91,5.95,5.49,7.19,2.54,73.0,破底翻,1,73.0,4919,4583,False,,,,,,,,,
152,603135,中重科技,破底翻,破底翻,9.14,0.44,9.21,8.88,3.6,-0.8,4.0,43.5,55.8,19.4,3.3,9.07,9.27,8.73,16.18,17.17,73.0,破底翻,1,73.0,4919,4583,False,,,,,,,,,
153,300293,蓝英装备,破底翻,破底翻,15.44,-4.63,15.1,13.77,8.8,2.3,24.0,25.3,60.7,17.6,1.83,15.82,15.93,14.65,20.68,6.63,73.0,破底翻,1,73.0,4919,4583,False,,,,,,,,,
154,300374,中铁装配,破底翻,破底翻,11.01,2.13,10.91,9.72,10.9,0.9,7.0,18.1,57.8,6.6,1.29,10.84,10.92,10.58,13.44,5.65,73.0,破底翻,1,73.0,4919,4583,False,,,,,,,,,
155,300525,博思软件,破底翻,破底翻,8.16,-0.61,8.23,7.23,12.2,-0.9,4.0,18.6,63.6,4.5,1.63,8.14,8.63,7.83,10.03,5.67,73.0,破底翻,1,73.0,4919,4583,False,,,,,,,,,
156,600267,海正药业,碗口反弹,,12.2,,,,,,,,18.7,,,,,11.55,15.0,4.31,73.0,碗口反弹,1,73.0,4919,4583,False,靠近多空线,1.9,13.05,12.21,6.93,3.03,14.0,18.7,8.51
157,002405,四维图新,破底翻,破底翻,6.39,0.47,6.31,5.98,5.2,1.3,25.0,23.3,45.8,6.1,0.86,6.37,6.54,6.12,8.33,7.19,73.0,破底翻,1,73.0,4919,4583,False,,,,,,,,,
158,300797,钢研纳克,碗口反弹,,13.87,,,,,,,,36.7,,,,,13.23,16.13,3.53,72.7,碗口反弹,1,72.7,4919,4583,False,靠近多空线,2.4,13.65,13.5,1.12,5.39,9.0,14.0,1.03
159,603456,九洲药业,碗口反弹,,15.55,,,,,,,,30.1,,,,,14.7,18.51,3.48,72.6,碗口反弹,1,72.6,4919,4583,False,靠近多空线,-3.2,16.35,15.56,5.08,2.51,15.0,16.0,6.48
160,688469,芯联集成,碗口反弹,,8.58,,,,,,,,23.6,,,,,8.18,11.23,6.62,72.2,碗口反弹,1,72.2,4919,4583,False,回落碗中,8.7,8.75,8.46,3.49,2.32,13.0,10.4,12.87
161,002552,宝鼎科技,碗口反弹,,53.19,,,,,,,,32.7,,,,,48.01,78.98,4.98,72.2,碗口反弹,1,72.2,4919,4583,False,回落碗中,19.8,53.45,50.36,6.14,2.33,13.0,15.3,18.79
162,689009,九号公司,碗口反弹,,42.38,,,,,,,,45.0,,,,,40.62,47.34,2.82,72.1,碗口反弹,1,72.1,4919,4583,False,回落碗中,4.7,43.45,42.03,3.38,2.54,13.0,10.5,5.17
163,688301,奕瑞科技,破底翻,破底翻,94.61,-3.83,95.81,80.2,16.3,-1.3,14.0,48.3,66.4,13.2,1.03,96.78,95.07,88.99,183.0,15.73,72.0,破底翻,1,72.0,4919,4583,False,,,,,,,,,
164,300056,中创环保,破底翻,破底翻,8.49,1.31,8.08,6.42,20.5,5.1,22.0,17.4,59.6,18.4,0.93,8.45,8.56,7.84,10.28,2.75,72.0,破底翻,1,72.0,4919,4583,False,,,,,,,,,
165,001390,古麒绒材,破底翻,守住前低,16.98,-0.99,17.18,,,-1.2,32.0,17.8,56.5,1.0,1.78,17.18,17.65,16.57,20.65,8.95,72.0,破底翻,1,72.0,4919,4583,False,,,,,,,,,
166,000936,华西股份,破底翻,破底翻,5.71,-0.52,5.46,4.7,13.9,4.6,13.0,18.1,40.5,16.1,0.83,5.63,5.67,5.3,6.97,3.07,72.0,破底翻,1,72.0,4919,4583,False,,,,,,,,,
167,300052,中青宝,破底翻,破底翻,10.58,-1.67,10.02,8.97,10.5,5.6,21.0,26.5,62.5,17.7,1.33,10.62,11.04,9.72,14.39,4.43,72.0,破底翻,1,72.0,4919,4583,False,,,,,,,,,
168,688790,昂瑞微,破底翻,破底翻,112.82,-1.12,116.11,86.55,25.5,-2.8,2.0,19.1,53.8,17.5,4.15,102.24,98.97,106.67,139.43,4.33,72.0,破底翻,1,72.0,4919,4583,False,,,,,,,,,
169,688472,阿特斯,破底翻,破底翻,9.73,-2.6,9.59,9.02,5.9,1.5,25.0,18.4,59.9,20.0,1.77,10.07,10.31,9.3,11.92,5.09,72.0,破底翻,1,72.0,4919,4583,False,,,,,,,,,
170,688408,中信博,破底翻,破底翻,26.5,6.94,25.8,24.0,7.0,2.7,1.0,26.7,75.9,3.7,3.09,25.19,26.31,25.03,36.15,6.56,72.0,破底翻,1,72.0,4919,4583,False,,,,,,,,,
171,688755,汉邦科技,破底翻,破底翻,27.36,0.63,24.13,22.12,8.3,13.4,21.0,23.1,50.7,13.0,0.99,27.09,26.91,23.41,35.56,2.08,72.0,破底翻,1,72.0,4919,4583,False,,,,,,,,,
172,688577,浙海德曼,破底翻,破底翻,42.86,-2.32,42.19,36.98,12.3,1.6,18.0,38.8,69.4,26.9,1.72,42.49,42.28,40.63,70.0,12.17,72.0,破底翻,1,72.0,4919,4583,False,,,,,,,,,
173,603076,乐惠国际,破底翻,破底翻,20.61,-0.77,19.11,18.1,5.3,7.8,25.0,16.8,49.7,14.7,1.07,20.69,20.82,18.54,24.76,2.0,72.0,破底翻,1,72.0,4919,4583,False,,,,,,,,,
174,002362,汉王科技,破底翻,破底翻,15.87,0.32,14.8,14.01,5.3,7.2,25.0,25.0,53.3,13.4,1.2,15.82,15.94,14.36,21.16,3.5,72.0,破底翻,1,72.0,4919,4583,False,,,,,,,,,
175,300118,东方日升,破底翻,破底翻,9.84,0.92,9.5,8.95,5.8,3.6,25.0,32.8,62.1,14.8,0.98,9.79,10.11,9.22,14.65,7.76,72.0,破底翻,1,72.0,4919,4583,False,,,,,,,,,
176,300484,蓝海华腾,破底翻,破底翻,12.75,0.16,12.36,11.52,6.8,3.2,24.0,18.1,59.5,12.9,1.01,12.74,13.11,11.99,15.57,3.71,72.0,破底翻,1,72.0,4919,4583,False,,,,,,,,,
177,603033,三维股份,破底翻,守住前低,7.57,-0.92,7.53,,,0.5,29.0,31.1,56.1,1.8,1.5,7.48,7.69,7.22,10.99,9.77,72.0,破底翻,1,72.0,4919,4583,False,,,,,,,,,
178,688327,云从科技,破底翻,守住前低,10.3,-3.29,9.75,,,5.6,24.0,31.7,56.8,8.4,1.65,10.04,10.66,9.46,15.08,5.69,72.0,破底翻,1,72.0,4919,4583,False,,,,,,,,,
179,603382,海阳科技,破底翻,破底翻,19.71,0.36,18.31,15.91,13.1,7.6,22.0,17.4,71.8,15.1,0.55,19.2,19.73,17.76,23.87,2.13,72.0,破底翻,1,72.0,4919,4583,False,,,,,,,,,
180,300608,思特奇,破底翻,破底翻,9.94,-1.88,9.24,8.76,5.2,7.6,28.0,23.9,49.2,18.1,0.97,9.93,10.32,8.96,13.06,3.18,72.0,破底翻,1,72.0,4919,4583,False,,,,,,,,,
181,300556,丝路视觉,破底翻,破底翻,16.32,0.8,15.73,14.02,10.9,3.8,21.0,29.0,46.6,11.0,1.24,16.19,16.22,15.26,23.0,6.3,72.0,破底翻,1,72.0,4919,4583,False,,,,,,,,,
182,603786,科博达,破底翻,守住前低,38.63,-3.16,39.63,,,-2.5,44.0,20.8,64.6,0.0,2.43,39.43,41.7,37.4,48.75,8.23,72.0,破底翻,1,72.0,4919,4583,False,,,,,,,,,
183,600605,汇通能源,破底翻,破底翻,25.84,-2.71,23.62,21.81,7.7,9.4,18.0,23.3,40.5,17.4,0.95,25.91,24.66,22.91,33.69,2.68,72.0,破底翻,1,72.0,4919,4583,False,,,,,,,,,
184,300887,谱尼测试,破底翻,破底翻,7.18,0.0,6.73,6.39,5.1,6.7,25.0,17.3,57.2,16.5,0.54,7.17,7.38,6.53,8.68,2.31,72.0,破底翻,1,72.0,4919,4583,False,,,,,,,,,
185,603668,天马科技,破底翻,守住前低,10.51,2.14,10.05,,,4.6,28.0,20.3,46.5,1.9,1.7,10.17,10.43,9.75,13.18,3.51,72.0,破底翻,1,72.0,4919,4583,False,,,,,,,,,
186,603585,苏利股份,破底翻,守住前低,10.57,2.62,9.03,,,17.1,33.0,32.6,61.5,16.3,1.7,10.27,10.18,8.76,15.69,2.83,72.0,破底翻,1,72.0,4919,4583,False,,,,,,,,,
187,301082,久盛电气,破底翻,破底翻,9.88,0.92,9.36,7.9,15.6,5.6,20.0,19.7,63.7,18.5,1.02,9.64,10.38,9.08,12.3,3.02,72.0,破底翻,1,72.0,4919,4583,False,,,,,,,,,
188,300616,尚品宅配,破底翻,破底翻,10.63,1.63,10.32,9.02,12.6,3.0,20.0,33.1,44.9,12.4,0.88,10.62,10.58,10.01,15.89,8.48,72.0,破底翻,1,72.0,4919,4583,False,,,,,,,,,
189,301260,格力博,破底翻,破底翻,12.46,-8.04,12.56,11.97,4.7,-0.8,25.0,24.7,52.4,11.3,5.03,13.31,13.75,11.94,16.54,7.85,72.0,破底翻,1,72.0,4919,4583,False,,,,,,,,,
190,301220,亚香股份,破底翻,破底翻,27.59,-5.8,27.5,25.16,8.5,0.3,20.0,25.8,69.3,21.9,1.9,28.35,28.06,26.46,37.2,8.5,72.0,破底翻,1,72.0,4919,4583,False,,,,,,,,,
191,301155,海力风电,破底翻,守住前低,39.83,-2.38,37.88,,,5.1,33.0,29.5,61.4,9.7,1.89,40.7,44.58,36.74,56.5,5.39,72.0,破底翻,1,72.0,4919,4583,False,,,,,,,,,
192,301259,艾布鲁,破底翻,守住前低,21.08,-6.02,20.41,,,3.3,28.0,28.9,66.0,7.6,1.64,22.17,23.43,19.8,29.66,6.7,72.0,破底翻,1,72.0,4919,4583,False,,,,,,,,,
193,301587,中瑞股份,破底翻,破底翻,21.6,-1.05,20.52,17.98,12.4,5.3,21.0,16.0,49.4,15.6,0.85,21.6,21.4,19.9,25.72,2.42,72.0,破底翻,1,72.0,4919,4583,False,,,,,,,,,
194,000026,飞亚达,碗口反弹,,20.07,,,,,,,,27.8,,,,,18.86,23.61,2.93,71.9,碗口反弹,1,71.9,4919,4583,False,回落碗中,9.8,20.12,19.48,3.3,2.25,21.0,15.0,2.91
195,603882,金域医学,破底翻,破底翻,27.42,-1.93,23.56,22.16,5.9,16.4,38.0,15.2,59.0,20.8,0.54,28.52,29.2,22.85,32.32,1.07,71.7,破底翻/碗口反弹,2,77.6,4919,4583,True,靠近多空线,-13.0,29.17,27.76,5.05,2.71,5.0,15.2,3.87
196,688246,嘉和美康,破底翻,破底翻,17.37,0.87,17.26,15.55,9.9,0.6,21.0,32.9,60.5,6.3,1.27,17.27,18.37,16.46,25.88,9.35,71.0,破底翻,1,71.0,4919,4583,False,,,,,,,,,
197,688177,百奥泰,破底翻,破底翻,18.63,-0.59,17.37,16.58,4.5,7.3,25.0,18.0,55.1,8.4,0.88,19.38,19.69,16.85,22.72,2.3,71.0,破底翻,1,71.0,4919,4583,False,,,,,,,,,
198,300411,金盾股份,破底翻,破底翻,7.98,-0.62,6.63,6.39,3.6,20.4,27.0,28.3,61.0,11.0,0.91,7.86,7.61,6.43,11.13,2.03,71.0,破底翻,1,71.0,4919,4583,False,,,,,,,,,
199,300349,金卡智能,破底翻,破底翻,10.28,0.19,9.88,9.43,4.6,4.0,25.0,20.9,51.7,5.0,0.73,10.19,10.44,9.58,13.0,3.89,71.0,破底翻,1,71.0,4919,4583,False,,,,,,,,,
200,688070,纵横股份,破底翻,破底翻,34.73,2.09,32.82,30.05,8.4,5.8,21.0,18.1,49.3,25.6,1.15,34.05,34.26,31.84,42.4,2.65,71.0,破底翻,1,71.0,4919,4583,False,,,,,,,,,
201,300320,海达股份,破底翻,破底翻,8.45,0.12,8.08,7.66,5.2,4.6,27.0,15.1,46.2,25.3,0.86,8.45,8.45,7.84,9.95,2.46,71.0,破底翻,1,71.0,4919,4583,False,,,,,,,,,
202,300809,华辰装备,破底翻,破底翻,23.36,-2.14,23.42,21.28,9.1,-0.3,20.0,40.9,59.4,22.9,0.98,23.57,24.41,22.14,39.5,13.23,71.0,破底翻,1,71.0,4919,4583,False,,,,,,,,,
203,603836,海程邦达,破底翻,守住前低,9.21,0.99,7.84,,,17.5,49.0,27.8,44.5,7.6,1.11,9.17,8.95,7.6,12.76,2.2,71.0,破底翻,1,71.0,4919,4583,False,,,,,,,,,
204,300284,苏交科,破底翻,破底翻,5.27,0.76,5.27,5.0,5.1,0.0,33.0,15.4,68.2,8.9,1.17,5.25,5.41,5.11,6.23,6.0,71.0,破底翻,1,71.0,4919,4583,False,,,,,,,,,
205,300287,飞利信,破底翻,破底翻,3.59,-0.83,3.39,3.11,8.3,5.9,43.0,19.0,59.8,28.9,1.24,3.56,3.73,3.29,4.43,2.8,71.0,破底翻,1,71.0,4919,4583,False,,,,,,,,,
206,600438,通威股份,破底翻,破底翻,11.96,0.5,12.03,10.48,12.9,-0.6,22.0,16.5,62.7,3.5,0.92,12.0,12.57,11.52,14.33,5.39,71.0,破底翻,1,71.0,4919,4583,False,,,,,,,,,
207,300724,捷佳伟创,破底翻,破底翻,58.21,3.61,56.61,53.81,4.9,2.8,29.0,24.7,61.8,28.4,2.21,56.78,58.9,54.91,77.28,5.78,71.0,破底翻,1,71.0,4919,4583,False,,,,,,,,,
208,603815,交建股份,破底翻,破底翻,5.52,0.91,5.4,4.93,8.7,2.2,5.0,21.7,63.0,12.1,0.71,5.47,5.42,5.24,7.05,5.46,71.0,破底翻,1,71.0,4919,4583,False,,,,,,,,,
209,688486,龙迅股份,破底翻,守住前低,41.63,-3.28,37.63,,,10.6,29.0,45.8,68.9,1.1,0.99,42.41,44.37,36.5,76.85,6.87,71.0,破底翻,1,71.0,4919,4583,False,,,,,,,,,
210,300226,上海钢联,破底翻,破底翻,16.78,0.42,16.4,14.57,11.2,2.3,5.0,21.6,49.9,14.4,1.22,16.64,16.52,15.91,21.41,5.32,71.0,破底翻,1,71.0,4919,4583,False,,,,,,,,,
211,600452,涪陵电力,破底翻,守住前低,9.15,-0.54,9.03,,,1.3,43.0,22.7,45.5,6.9,1.19,9.14,9.4,8.76,11.84,6.9,71.0,破底翻,1,71.0,4919,4583,False,,,,,,,,,
212,300788,中信出版,破底翻,破底翻,23.5,0.09,23.82,22.47,5.7,-1.3,25.0,18.2,50.8,3.9,0.69,23.52,25.22,22.36,28.74,4.6,71.0,破底翻,1,71.0,4919,4583,False,,,,,,,,,
213,300203,聚光科技,破底翻,破底翻,13.1,-1.95,12.64,11.61,8.1,3.6,19.0,15.2,51.1,28.1,0.77,13.25,12.88,12.26,15.45,2.8,71.0,破底翻,1,71.0,4919,4583,False,,,,,,,,,
214,300286,安科瑞,破底翻,破底翻,19.74,-0.2,19.8,18.34,7.4,-0.3,29.0,41.7,46.5,21.6,0.68,19.68,20.44,19.0,33.85,19.07,71.0,破底翻,1,71.0,4919,4583,False,,,,,,,,,
215,002403,爱仕达,破底翻,破底翻,9.24,0.76,8.96,7.85,12.4,3.1,21.0,21.6,62.2,30.0,0.95,9.29,9.5,8.69,11.78,4.62,71.0,破底翻,1,71.0,4919,4583,False,,,,,,,,,
216,600418,江淮汽车,破底翻,破底翻,21.04,-0.33,20.32,19.64,3.3,3.5,25.0,40.1,64.2,23.9,0.53,20.91,22.91,19.71,35.12,10.59,71.0,破底翻,1,71.0,4919,4583,False,,,,,,,,,
217,300448,浩云科技,破底翻,破底翻,5.63,-1.05,5.26,4.81,8.6,7.0,23.0,25.4,50.9,29.4,0.9,5.61,5.72,5.1,7.55,3.62,71.0,破底翻,1,71.0,4919,4583,False,,,,,,,,,
218,300576,容大感光,破底翻,守住前低,29.86,-2.26,24.23,,,23.2,28.0,46.5,55.4,3.4,0.82,29.73,30.53,23.5,55.83,4.08,71.0,破底翻,1,71.0,4919,4583,False,,,,,,,,,
219,603613,国联股份,破底翻,破底翻,18.47,-0.43,18.08,17.05,5.7,2.2,25.0,21.3,44.8,6.0,0.75,18.31,18.92,17.54,23.48,5.39,71.0,破底翻,1,71.0,4919,4583,False,,,,,,,,,
220,603220,中贝通信,破底翻,破底翻,18.53,-2.01,18.68,17.18,8.0,-0.8,6.0,28.5,52.7,6.1,1.0,18.54,19.18,17.54,25.9,7.44,71.0,破底翻,1,71.0,4919,4583,False,,,,,,,,,
221,300928,华安鑫创,破底翻,破底翻,24.76,-2.48,25.48,22.51,11.7,-2.8,20.0,25.1,44.4,1.6,1.43,25.33,25.34,23.92,33.04,9.86,71.0,破底翻,1,71.0,4919,4583,False,,,,,,,,,
222,300913,兆龙互连,破底翻,破底翻,36.13,-1.58,35.5,30.99,12.7,1.8,7.0,45.6,50.8,28.9,1.03,35.82,35.68,34.37,66.44,17.22,71.0,破底翻,1,71.0,4919,4583,False,,,,,,,,,
223,600501,航天晨光,破底翻,破底翻,14.36,0.49,13.93,12.82,8.0,3.1,24.0,22.8,64.1,20.3,0.75,14.16,14.49,13.51,18.59,4.98,71.0,破底翻,1,71.0,4919,4583,False,,,,,,,,,
224,603072,天和磁材,破底翻,破底翻,32.05,-0.93,32.13,30.0,6.6,-0.2,23.0,24.5,68.0,4.7,0.84,31.76,32.16,31.1,42.43,10.93,71.0,破底翻,1,71.0,4919,4583,False,,,,,,,,,
225,300109,新开源,破底翻,破底翻,14.21,-6.82,13.71,12.02,12.3,3.6,15.0,24.8,42.0,24.0,0.99,15.31,14.17,13.3,18.9,5.15,71.0,破底翻,1,71.0,4919,4583,False,,,,,,,,,
226,688348,昱能科技,破底翻,破底翻,32.43,1.73,32.62,29.56,9.4,-0.6,7.0,17.8,65.5,4.4,1.23,32.1,32.46,31.33,39.45,6.38,71.0,破底翻,1,71.0,4919,4583,False,,,,,,,,,
227,300940,南极光,破底翻,破底翻,13.85,0.8,13.39,12.02,10.2,3.4,21.0,22.5,59.7,21.6,0.95,13.73,13.9,12.99,17.88,4.69,71.0,破底翻,1,71.0,4919,4583,False,,,,,,,,,
228,300968,格林精密,破底翻,破底翻,10.21,-3.68,9.2,8.33,9.5,11.0,32.0,22.0,64.2,27.6,1.33,10.28,10.58,8.92,13.09,2.23,71.0,破底翻,1,71.0,4919,4583,False,,,,,,,,,
229,605011,杭州热电,破底翻,破底翻,16.76,0.12,16.47,15.46,6.1,1.8,36.0,24.0,48.7,3.1,0.81,16.66,17.25,15.98,22.04,6.77,71.0,破底翻,1,71.0,4919,4583,False,,,,,,,,,
230,688501,青达环保,破底翻,守住前低,13.88,-3.34,12.89,,,7.7,15.0,43.1,57.9,19.4,0.94,13.69,14.18,12.5,24.38,7.61,71.0,破底翻,1,71.0,4919,4583,False,,,,,,,,,
231,001233,海安集团,破底翻,破底翻,45.74,0.37,43.61,40.22,7.8,4.9,28.0,15.3,54.3,21.0,1.1,44.6,45.03,42.3,53.98,2.4,71.0,破底翻,1,71.0,4919,4583,False,,,,,,,,,
232,002544,普天科技,破底翻,破底翻,16.2,-0.25,15.53,14.86,4.3,4.3,25.0,24.7,61.5,6.5,0.76,16.12,16.57,15.06,21.5,4.65,71.0,破底翻,1,71.0,4919,4583,False,,,,,,,,,
233,688339,亿华通,破底翻,破底翻,17.08,-0.81,17.1,15.95,6.7,-0.1,7.0,21.1,64.3,2.4,1.03,17.02,17.4,16.43,21.66,7.05,71.0,破底翻,1,71.0,4919,4583,False,,,,,,,,,
234,003002,壶化股份,破底翻,破底翻,16.7,0.12,15.74,14.49,7.9,6.1,23.0,27.5,51.7,29.4,0.99,16.58,16.64,15.27,23.05,4.44,71.0,破底翻,1,71.0,4919,4583,False,,,,,,,,,
235,300182,捷成股份,破底翻,破底翻,4.92,-0.2,4.58,4.34,5.2,7.4,25.0,27.5,48.0,23.4,1.24,4.88,5.12,4.44,6.79,3.9,71.0,破底翻,1,71.0,4919,4583,False,,,,,,,,,
236,603138,海量数据,破底翻,破底翻,12.75,0.31,12.24,11.43,6.6,4.2,21.0,29.6,48.8,21.3,1.34,12.73,13.14,11.87,18.1,6.08,71.0,破底翻,1,71.0,4919,4583,False,,,,,,,,,
237,300494,盛天网络,破底翻,破底翻,7.91,0.38,8.11,7.59,6.4,-2.5,25.0,21.8,60.2,0.5,1.31,8.07,8.56,7.59,10.12,6.91,71.0,破底翻,1,71.0,4919,4583,False,,,,,,,,,
238,002434,万里扬,破底翻,破底翻,5.76,-0.52,5.5,5.21,5.3,4.7,25.0,22.3,49.1,21.1,0.66,5.78,5.84,5.34,7.41,3.93,71.0,破底翻,1,71.0,4919,4583,False,,,,,,,,,
239,300130,新国都,破底翻,破底翻,19.71,-0.86,19.02,17.93,5.7,3.6,4.0,21.9,50.5,20.6,0.79,19.33,19.21,18.45,25.25,4.4,71.0,破底翻,1,71.0,4919,4583,False,,,,,,,,,
240,001223,欧克科技,破底翻,破底翻,39.41,-3.26,36.97,27.82,24.7,6.6,20.0,28.3,46.4,26.8,1.25,40.06,40.02,35.86,54.99,4.39,71.0,破底翻,1,71.0,4919,4583,False,,,,,,,,,
241,600970,中材国际,破底翻,破底翻,7.7,1.18,7.61,7.05,7.4,1.2,33.0,16.2,43.1,3.5,0.86,7.75,7.81,7.38,9.19,4.66,71.0,破底翻,1,71.0,4919,4583,False,,,,,,,,,
242,688805,健信超导,破底翻,破底翻,41.53,-2.47,39.6,38.33,3.2,4.9,5.0,24.4,42.8,16.4,0.87,40.93,40.52,38.41,54.96,4.3,71.0,破底翻,1,71.0,4919,4583,False,,,,,,,,,
243,000031,大悦城,破底翻,破底翻,2.26,2.26,2.25,2.06,8.4,0.4,4.0,19.9,46.4,7.6,1.18,2.2,2.21,2.18,2.82,7.0,71.0,破底翻,1,71.0,4919,4583,False,,,,,,,,,
244,301667,纳百川,破底翻,破底翻,60.28,-1.34,58.89,54.2,8.0,2.4,22.0,29.9,66.5,7.8,0.79,61.99,67.41,56.32,86.0,6.49,71.0,破底翻,1,71.0,4919,4583,False,,,,,,,,,
245,301590,优优绿能,破底翻,守住前低,71.46,-3.22,66.0,,,8.3,21.0,59.5,70.5,2.0,0.79,71.9,74.67,64.02,176.5,14.12,71.0,破底翻,1,71.0,4919,4583,False,,,,,,,,,
246,301363,美好医疗,破底翻,守住前低,16.37,-1.39,15.05,,,8.8,28.0,41.3,62.2,1.6,0.66,16.46,16.96,14.6,27.88,6.5,71.0,破底翻,1,71.0,4919,4583,False,,,,,,,,,
247,600115,中国东航,破底翻,守住前低,3.56,0.28,3.54,,,0.6,36.0,16.6,45.1,4.0,0.7,3.54,3.59,3.43,4.27,5.46,71.0,破底翻,1,71.0,4919,4583,False,,,,,,,,,
248,001300,三柏硕,破底翻,破底翻,11.5,-0.17,10.89,9.58,12.0,5.6,15.0,32.6,40.1,21.3,0.69,11.64,11.17,10.56,17.05,5.9,71.0,破底翻,1,71.0,4919,4583,False,,,,,,,,,
249,688562,航天软件,破底翻,破底翻,14.18,-0.21,14.15,12.91,8.8,0.2,7.0,17.8,54.1,10.8,1.24,14.11,14.29,13.71,17.25,6.53,71.0,破底翻,1,71.0,4919,4583,False,,,,,,,,,
250,002318,久立特材,破底翻,守住前低,19.86,1.38,19.68,,,0.9,16.0,21.5,45.0,8.4,0.91,19.63,19.86,19.09,25.3,7.06,71.0,破底翻,1,71.0,4919,4583,False,,,,,,,,,
251,603505,金石资源,破底翻,破底翻,16.26,2.33,15.5,14.82,4.4,4.9,27.0,33.3,54.9,6.3,1.36,15.62,16.14,15.04,24.39,6.66,71.0,破底翻,1,71.0,4919,4583,False,,,,,,,,,
252,301172,君逸数码,破底翻,守住前低,17.1,-0.47,16.97,,,0.8,17.0,46.8,59.1,0.5,1.27,16.91,18.11,16.03,32.15,14.07,71.0,破底翻,1,71.0,4919,4583,False,,,,,,,,,
253,002291,遥望科技,破底翻,破底翻,5.2,0.39,5.03,4.6,8.5,3.4,23.0,16.8,51.5,20.2,1.26,5.17,5.42,4.88,6.25,3.28,71.0,破底翻,1,71.0,4919,4583,False,,,,,,,,,
254,301195,北路智控,破底翻,破底翻,26.33,0.27,25.93,23.75,8.4,1.5,21.0,26.9,40.8,7.1,1.36,26.22,26.63,25.15,36.0,8.19,71.0,破底翻,1,71.0,4919,4583,False,,,,,,,,,
255,600611,大众交通,破底翻,破底翻,4.51,-2.17,4.17,3.57,14.4,8.2,22.0,18.0,64.1,24.2,0.64,4.59,4.67,4.04,5.5,2.11,71.0,破底翻,1,71.0,4919,4583,False,,,,,,,,,
256,300533,冰川网络,破底翻,破底翻,14.28,0.07,14.03,12.94,7.8,1.8,23.0,20.4,69.0,9.0,1.26,14.24,14.89,13.61,17.93,5.45,71.0,破底翻,1,71.0,4919,4583,False,,,,,,,,,
257,001319,铭科精技,破底翻,破底翻,19.85,0.97,18.8,16.65,11.4,5.6,21.0,19.8,41.1,28.7,0.58,19.7,19.56,18.24,24.75,3.04,71.0,破底翻,1,71.0,4919,4583,False,,,,,,,,,
258,001382,新亚电缆,破底翻,破底翻,16.47,-1.14,15.39,14.69,4.5,7.0,34.0,21.2,55.5,5.7,0.98,16.66,17.04,14.93,20.9,2.88,71.0,破底翻,1,71.0,4919,4583,False,,,,,,,,,
259,301277,新天地,破底翻,破底翻,10.31,-1.34,9.81,9.44,3.8,5.1,21.0,17.1,58.7,7.3,0.54,10.41,10.65,9.52,12.43,2.68,71.0,破底翻,1,71.0,4919,4583,False,,,,,,,,,
260,600702,舍得酒业,破底翻,破底翻,35.38,0.31,34.8,32.57,6.4,1.7,23.0,17.5,60.0,4.0,1.19,35.27,36.59,33.76,42.86,4.62,71.0,破底翻,1,71.0,4919,4583,False,,,,,,,,,
261,301678,新恒汇,破底翻,守住前低,44.7,-1.52,38.4,,,16.4,28.0,46.1,57.4,6.5,0.95,44.55,45.07,37.25,82.95,5.13,71.0,破底翻,1,71.0,4919,4583,False,,,,,,,,,
262,603248,锡华科技,破底翻,破底翻,18.18,1.0,18.0,16.99,5.6,1.0,25.0,31.4,60.5,7.2,1.11,18.11,18.77,17.46,26.49,11.54,71.0,破底翻,1,71.0,4919,4583,False,,,,,,,,,
263,301618,长联科技,破底翻,破底翻,32.64,-0.46,31.06,30.07,3.2,5.1,21.0,36.0,95.3,2.4,0.81,32.42,33.25,30.13,51.0,7.31,71.0,破底翻,1,71.0,4919,4583,False,,,,,,,,,
264,301563,云汉芯城,破底翻,守住前低,122.71,-1.24,105.7,,,16.1,28.0,47.3,52.0,7.7,1.43,121.24,124.44,102.53,232.99,5.46,71.0,破底翻,1,71.0,4919,4583,False,,,,,,,,,
265,603381,永臻股份,破底翻,破底翻,15.21,-0.91,14.86,13.41,9.8,2.4,21.0,18.7,66.2,5.5,0.7,15.45,15.18,14.41,18.71,4.37,71.0,破底翻,1,71.0,4919,4583,False,,,,,,,,,
266,603360,百傲化学,破底翻,破底翻,13.85,0.22,13.22,11.65,11.9,4.8,4.0,34.0,64.5,23.7,0.82,13.52,13.42,12.82,21.0,6.94,71.0,破底翻,1,71.0,4919,4583,False,,,,,,,,,
267,301509,金凯生科,破底翻,破底翻,29.71,-3.04,28.58,26.19,8.4,4.0,19.0,15.5,58.4,26.3,0.84,29.92,30.84,27.72,35.15,2.73,71.0,破底翻,1,71.0,4919,4583,False,,,,,,,,,
268,603202,天有为,破底翻,守住前低,52.62,0.71,48.11,,,9.4,44.0,23.7,62.4,9.4,0.92,52.29,52.83,46.67,68.96,2.75,71.0,破底翻,1,71.0,4919,4583,False,,,,,,,,,
269,301512,智信精密,破底翻,守住前低,31.24,0.39,26.35,,,18.6,22.0,49.5,49.5,2.9,0.75,31.66,30.85,25.56,61.88,5.39,71.0,破底翻,1,71.0,4919,4583,False,,,,,,,,,
270,301608,博实结,破底翻,破底翻,44.6,-2.64,45.76,41.8,8.7,-2.5,21.0,19.1,62.7,2.6,1.14,45.3,46.66,42.66,55.13,5.43,71.0,破底翻,1,71.0,4919,4583,False,,,,,,,,,
271,688729,屹唐股份,破底翻,破底翻,23.98,-3.03,22.44,21.48,4.3,6.9,19.0,45.9,45.9,26.8,1.04,23.76,25.14,21.77,44.3,9.19,71.0,破底翻,1,71.0,4919,4583,False,,,,,,,,,
272,601566,九牧王,破底翻,破底翻,8.4,0.36,8.12,7.47,8.0,3.4,25.0,28.4,55.0,29.0,1.16,8.37,8.47,7.88,11.74,6.42,71.0,破底翻,1,71.0,4919,4583,False,,,,,,,,,
273,000802,北京文化,破底翻,破底翻,3.97,0.51,3.89,3.45,11.3,2.1,25.0,38.8,52.6,7.3,0.96,3.92,4.56,3.67,6.49,8.4,71.0,破底翻,1,71.0,4919,4583,False,,,,,,,,,
274,301368,丰立智能,破底翻,破底翻,37.89,-1.79,38.66,36.35,6.0,-2.0,21.0,27.5,62.5,6.8,0.94,38.68,41.46,35.93,52.27,7.34,71.0,破底翻,1,71.0,4919,4583,False,,,,,,,,,
275,603206,嘉环科技,破底翻,破底翻,13.85,-0.29,13.34,12.52,6.1,3.8,24.0,28.4,45.0,20.3,1.05,13.79,14.23,12.94,19.34,6.03,71.0,破底翻,1,71.0,4919,4583,False,,,,,,,,,
276,301682,宏明电子,破底翻,守住前低,111.65,0.06,104.91,,,6.4,28.0,46.0,46.0,6.5,0.92,110.09,123.76,101.76,206.86,9.63,71.0,破底翻,1,71.0,4919,4583,False,,,,,,,,,
277,600996,贵广网络,破底翻,守住前低,6.84,0.88,5.91,,,15.7,37.0,31.2,47.1,7.9,1.14,6.69,6.86,5.73,9.94,2.79,71.0,破底翻,1,71.0,4919,4583,False,,,,,,,,,
278,301609,山大电力,破底翻,破底翻,32.23,-2.51,31.63,29.93,5.4,1.9,31.0,35.0,63.6,3.3,1.09,32.96,34.7,30.68,49.56,11.18,71.0,破底翻,1,71.0,4919,4583,False,,,,,,,,,
279,301592,六九一二,破底翻,破底翻,101.05,-1.04,102.0,88.02,13.7,-0.9,18.0,31.6,65.2,3.3,0.89,102.41,104.1,96.41,147.8,10.08,71.0,破底翻,1,71.0,4919,4583,False,,,,,,,,,
280,000537,绿发电力,破底翻,破底翻,7.58,-1.17,7.25,6.92,4.6,4.6,34.0,32.6,44.9,3.4,0.91,7.6,7.91,7.03,11.25,6.67,71.0,破底翻,1,71.0,4919,4583,False,,,,,,,,,
281,600667,太极实业,碗口反弹,,19.53,,,,,,,,39.2,,,,,17.92,32.1,7.81,70.8,碗口反弹,1,70.8,4919,4583,False,靠近多空线,-2.2,20.73,19.58,5.88,2.29,23.0,21.5,65.69
282,001358,兴欣新材,碗口反弹,,25.48,,,,,,,,39.6,,,,,24.23,28.85,2.7,70.6,碗口反弹,1,70.6,4919,4583,False,回落碗中,5.2,25.66,25.39,1.08,2.25,9.0,11.2,1.09
283,002178,延华智能,破底翻,破底翻,4.66,0.65,4.27,4.11,3.7,9.1,25.0,18.2,56.2,26.5,1.08,4.6,4.62,4.14,5.7,2.0,70.0,破底翻,1,70.0,4919,4583,False,,,,,,,,,
284,301565,中仑新材,破底翻,破底翻,20.55,0.69,20.3,17.62,13.2,1.2,5.0,31.2,58.9,20.4,0.86,20.24,20.01,19.69,29.89,10.86,70.0,破底翻,1,70.0,4919,4583,False,,,,,,,,,
285,300292,吴通控股,破底翻,破底翻,4.27,-0.47,4.19,3.86,7.9,1.9,21.0,36.3,41.8,29.4,1.02,4.24,4.27,4.06,6.7,11.57,70.0,破底翻,1,70.0,4919,4583,False,,,,,,,,,
286,600426,华鲁恒升,破底翻,破底翻,21.81,4.76,20.58,19.96,3.0,6.0,3.0,27.1,50.5,25.5,1.68,20.61,20.95,19.96,29.93,4.39,70.0,破底翻,1,70.0,4919,4583,False,,,,,,,,,
287,002068,黑猫股份,破底翻,守住前低,8.05,0.25,7.12,,,13.1,22.0,49.7,49.7,20.2,1.21,7.92,8.0,6.91,15.99,6.96,70.0,破底翻,1,70.0,4919,4583,False,,,,,,,,,
288,688775,影石创新,破底翻,破底翻,119.3,-1.17,122.0,116.63,4.4,-2.2,4.0,30.6,68.4,1.0,1.57,119.71,128.41,112.47,172.0,7.72,70.0,破底翻,1,70.0,4919,4583,False,,,,,,,,,
289,603293,埃泰克,破底翻,守住前低,35.92,1.04,35.37,,,1.6,33.0,18.8,57.8,18.3,1.66,35.42,36.28,34.31,44.23,5.16,70.0,破底翻,1,70.0,4919,4583,False,,,,,,,,,
290,688595,芯海科技,破底翻,守住前低,28.81,0.49,24.82,,,16.1,28.0,36.8,41.8,18.2,2.09,27.87,28.36,24.08,45.6,3.55,70.0,破底翻,1,70.0,4919,4583,False,,,,,,,,,
291,300641,正丹股份,破底翻,守住前低,14.49,2.91,14.09,,,2.8,36.0,27.4,60.5,13.1,1.79,14.04,14.5,13.67,19.97,6.68,70.0,破底翻,1,70.0,4919,4583,False,,,,,,,,,
292,002184,海得控制,破底翻,破底翻,10.08,-0.69,9.85,8.89,9.7,2.3,21.0,16.3,51.3,23.2,0.63,10.06,9.99,9.55,12.04,3.7,70.0,破底翻,1,70.0,4919,4583,False,,,,,,,,,
293,300231,银信科技,破底翻,破底翻,8.38,1.09,8.44,8.0,5.2,-0.7,4.0,18.2,51.9,21.6,1.51,8.25,8.51,8.03,10.25,5.34,70.0,破底翻,1,70.0,4919,4583,False,,,,,,,,,
294,300210,森远股份,破底翻,守住前低,8.42,2.06,8.38,,,0.5,42.0,22.1,51.2,14.5,1.58,8.26,8.66,8.08,10.81,7.03,70.0,破底翻,1,70.0,4919,4583,False,,,,,,,,,
295,688707,振华新材,破底翻,破底翻,10.67,1.81,10.42,9.56,8.3,2.4,25.0,31.5,43.4,20.3,0.92,10.53,10.59,10.11,15.57,8.75,70.0,破底翻,1,70.0,4919,4583,False,,,,,,,,,
296,000034,神州数码,破底翻,守住前低,24.08,1.86,23.42,,,2.8,28.0,21.3,60.2,10.8,1.52,23.45,24.39,22.72,30.58,4.78,70.0,破底翻,1,70.0,4919,4583,False,,,,,,,,,
297,300347,泰格医药,碗口反弹,,49.85,,,,,,,,39.8,,,,,46.6,58.0,2.51,69.9,碗口反弹,1,69.9,4919,4583,False,靠近多空线,5.7,52.56,50.57,3.94,2.94,6.0,14.1,12.21
298,603658,安图生物,碗口反弹,,33.07,,,,,,,,50.2,,,,,32.0,35.49,2.26,69.9,碗口反弹,1,69.9,4919,4583,False,回落碗中,13.0,33.5,32.86,1.96,3.18,10.0,6.8,1.52
299,300795,米奥会展,破底翻,破底翻,13.31,-3.27,8.76,8.03,8.3,51.9,32.0,29.5,69.4,17.4,1.31,12.97,15.1,8.5,18.88,1.16,69.6,破底翻/碗口反弹,2,75.0,4919,4583,True,回落碗中,14.8,14.65,13.23,10.72,2.25,1.0,29.5,6.23
300,001221,悍高集团,破底翻,守住前低,37.52,-1.91,35.91,,,4.5,33.0,18.8,68.7,3.8,0.82,38.14,40.17,34.83,46.21,3.23,69.0,破底翻,1,69.0,4919,4583,False,,,,,,,,,
301,300354,东华测试,破底翻,守住前低,27.64,2.37,26.59,,,3.9,28.0,29.2,51.1,0.8,0.83,26.93,29.28,25.79,39.05,6.17,69.0,破底翻,1,69.0,4919,4583,False,,,,,,,,,
302,300501,海顺新材,破底翻,守住前低,10.03,-0.4,9.11,,,10.1,28.0,34.4,55.3,2.9,0.77,9.94,10.14,8.84,15.3,4.43,69.0,破底翻,1,69.0,4919,4583,False,,,,,,,,,
303,300529,健帆生物,破底翻,守住前低,15.9,0.0,15.1,,,5.3,49.0,16.1,59.5,2.3,0.69,15.85,16.52,14.65,18.96,2.45,69.0,破底翻,1,69.0,4919,4583,False,,,,,,,,,
304,600930,华电新能,破底翻,守住前低,3.95,0.25,4.02,,,-1.7,9.0,36.2,61.2,1.5,0.73,3.96,4.1,3.87,6.19,28.0,69.0,破底翻,1,69.0,4919,4583,False,,,,,,,,,
305,300360,炬华科技,破底翻,守住前低,11.58,0.52,11.38,,,1.8,44.0,15.8,45.6,1.3,0.74,11.63,12.05,11.04,13.75,4.02,69.0,破底翻,1,69.0,4919,4583,False,,,,,,,,,
306,300580,贝斯特,破底翻,破底翻,19.67,-2.48,18.76,17.98,4.2,4.9,25.0,27.9,49.8,17.6,1.05,19.9,20.98,18.2,27.29,5.18,69.0,破底翻,1,69.0,4919,4583,False,,,,,,,,,
307,300699,光威复材,破底翻,守住前低,23.99,0.76,23.41,,,2.5,29.0,21.2,49.2,0.5,0.75,23.69,25.24,22.71,30.45,5.05,69.0,破底翻,1,69.0,4919,4583,False,,,,,,,,,
308,300660,江苏雷利,破底翻,守住前低,24.13,-0.7,24.21,,,-0.3,29.0,31.1,67.7,9.2,0.91,24.05,26.27,23.08,35.0,10.35,69.0,破底翻,1,69.0,4919,4583,False,,,,,,,,,
309,300036,超图软件,破底翻,守住前低,10.51,1.25,10.38,,,1.3,33.0,22.1,53.9,0.5,1.04,10.66,11.33,10.07,13.49,6.77,69.0,破底翻,1,69.0,4919,4583,False,,,,,,,,,
310,301622,英思特,破底翻,守住前低,39.08,-0.36,36.85,,,6.1,28.0,35.4,73.9,1.7,0.66,39.22,41.31,35.74,60.49,6.41,69.0,破底翻,1,69.0,4919,4583,False,,,,,,,,,
311,003001,中岩大地,破底翻,破底翻,15.93,-1.79,13.5,12.87,4.7,18.0,36.0,28.4,71.6,19.5,0.88,15.83,17.87,13.1,22.24,2.23,69.0,破底翻,1,69.0,4919,4583,False,,,,,,,,,
312,002962,五方光电,破底翻,破底翻,12.94,1.25,13.03,11.2,14.0,-0.7,2.0,42.2,42.2,6.6,1.11,12.69,12.91,12.37,22.39,16.58,69.0,破底翻,1,69.0,4919,4583,False,,,,,,,,,
313,300848,美瑞新材,破底翻,守住前低,11.68,1.3,11.41,,,2.4,28.0,25.3,51.8,0.3,0.9,11.96,12.64,11.07,15.64,6.49,69.0,破底翻,1,69.0,4919,4583,False,,,,,,,,,
314,300896,爱美客,破底翻,守住前低,94.09,0.28,88.08,,,6.8,49.0,16.8,73.7,4.7,0.59,93.3,99.43,85.44,113.08,2.2,69.0,破底翻,1,69.0,4919,4583,False,,,,,,,,,
315,002085,万丰奥威,破底翻,守住前低,10.43,0.87,10.09,,,3.4,36.0,25.5,58.6,6.8,1.29,10.33,10.55,9.79,14.0,5.58,69.0,破底翻,1,69.0,4919,4583,False,,,,,,,,,
316,300952,恒辉安防,破底翻,破底翻,16.3,-0.97,16.63,15.06,9.4,-2.0,4.0,32.7,70.9,6.3,1.3,16.28,16.86,15.55,24.21,10.55,69.0,破底翻,1,69.0,4919,4583,False,,,,,,,,,
317,301050,雷电微力,破底翻,守住前低,29.31,-0.17,27.7,,,5.8,28.0,20.8,60.9,1.5,0.51,28.72,30.79,26.87,36.99,3.15,69.0,破底翻,1,69.0,4919,4583,False,,,,,,,,,
318,300893,松原安全,破底翻,守住前低,14.3,-0.63,14.21,,,0.6,25.0,33.9,65.3,0.3,0.75,14.24,15.69,13.72,21.65,12.67,69.0,破底翻,1,69.0,4919,4583,False,,,,,,,,,
319,301560,众捷汽车,破底翻,破底翻,23.08,0.39,23.0,21.05,8.5,0.3,4.0,29.8,60.6,5.8,1.24,22.83,23.29,22.09,32.88,9.9,69.0,破底翻,1,69.0,4919,4583,False,,,,,,,,,
320,301551,无线传媒,破底翻,守住前低,20.14,0.5,19.19,,,5.0,44.0,15.1,94.4,4.5,1.01,19.98,20.84,18.61,23.72,2.34,69.0,破底翻,1,69.0,4919,4583,False,,,,,,,,,
321,300482,万孚生物,破底翻,守住前低,16.47,0.24,16.14,,,2.0,35.0,23.5,47.7,1.3,0.42,16.31,17.2,15.66,21.52,6.23,69.0,破底翻,1,69.0,4919,4583,False,,,,,,,,,
322,301498,乖宝宠物,破底翻,破底翻,38.73,0.23,39.2,37.01,5.6,-1.2,4.0,15.3,69.2,1.9,0.72,38.47,41.0,37.18,45.7,4.5,69.0,破底翻,1,69.0,4919,4583,False,,,,,,,,,
323,301398,星源卓镁,破底翻,守住前低,33.4,4.8,31.5,,,6.0,28.0,25.4,50.7,5.5,1.25,32.08,33.43,30.56,44.79,4.01,69.0,破底翻,1,69.0,4919,4583,False,,,,,,,,,
324,002307,北新路桥,破底翻,守住前低,3.05,1.33,2.83,,,7.8,43.0,26.5,49.6,16.6,1.22,2.98,3.01,2.75,4.15,3.67,69.0,破底翻,1,69.0,4919,4583,False,,,,,,,,,
325,002459,晶澳科技,破底翻,守住前低,7.3,1.67,6.92,,,5.5,33.0,23.6,64.4,2.6,1.23,7.23,7.54,6.71,9.55,3.81,69.0,破底翻,1,69.0,4919,4583,False,,,,,,,,,
326,002531,天顺风能,破底翻,守住前低,6.16,-0.65,5.8,,,6.2,28.0,39.1,54.0,1.6,1.0,6.14,6.46,5.63,10.11,7.45,69.0,破底翻,1,69.0,4919,4583,False,,,,,,,,,
327,301327,华宝新能,破底翻,守住前低,42.95,-3.07,43.13,,,-0.4,33.0,21.7,57.9,0.6,1.19,44.21,44.74,41.55,54.85,8.5,69.0,破底翻,1,69.0,4919,4583,False,,,,,,,,,
328,301236,软通动力,破底翻,破底翻,37.12,-0.72,37.01,34.91,5.7,0.3,21.0,20.7,53.9,13.7,1.46,37.07,38.92,35.38,46.82,5.57,69.0,破底翻,1,69.0,4919,4583,False,,,,,,,,,
329,002615,哈尔斯,破底翻,守住前低,6.63,0.15,6.15,,,7.8,46.0,21.4,41.2,16.8,0.59,6.61,6.62,5.97,8.44,2.74,69.0,破底翻,1,69.0,4919,4583,False,,,,,,,,,
330,002739,儒意电影,破底翻,守住前低,8.38,0.0,8.09,,,3.6,54.0,25.6,49.2,1.5,0.83,8.34,8.98,7.85,11.26,5.43,69.0,破底翻,1,69.0,4919,4583,False,,,,,,,,,
331,002864,盘龙药业,破底翻,守住前低,22.42,-1.54,19.99,,,12.2,24.0,32.1,47.7,3.4,0.79,22.29,22.07,19.39,33.0,3.49,69.0,破底翻,1,69.0,4919,4583,False,,,,,,,,,
332,600416,湘电股份,破底翻,守住前低,8.7,0.93,8.13,,,7.0,33.0,24.8,50.8,2.3,0.86,8.54,8.86,7.89,11.57,3.54,69.0,破底翻,1,69.0,4919,4583,False,,,,,,,,,
333,301600,慧翰股份,破底翻,破底翻,83.96,-2.81,81.28,78.2,3.8,3.3,27.0,17.9,70.5,13.9,1.05,85.02,87.32,78.84,102.21,3.56,69.0,破底翻,1,69.0,4919,4583,False,,,,,,,,,
334,300474,景嘉微,破底翻,守住前低,50.94,-0.16,50.7,,,0.5,54.0,22.2,55.5,1.8,1.09,50.52,52.07,49.18,65.48,8.26,69.0,破底翻,1,69.0,4919,4583,False,,,,,,,,,
335,002843,泰嘉股份,破底翻,破底翻,16.19,-3.05,14.9,14.41,3.3,8.7,21.0,35.0,48.0,17.6,0.87,16.16,16.25,14.45,24.89,5.0,69.0,破底翻,1,69.0,4919,4583,False,,,,,,,,,
336,301658,首航新能,破底翻,守住前低,23.66,-0.04,23.15,,,2.2,36.0,28.0,64.6,3.8,0.65,23.79,24.39,22.46,32.84,7.65,69.0,破底翻,1,69.0,4919,4583,False,,,,,,,,,
337,001391,国货航,破底翻,守住前低,4.11,0.49,4.01,,,2.5,44.0,19.3,67.1,1.5,1.24,4.12,4.2,3.89,5.09,4.45,69.0,破底翻,1,69.0,4919,4583,False,,,,,,,,,
338,301060,兰卫医学,碗口反弹,,11.16,,,,,,,,24.4,,,,,10.02,13.96,2.46,69.0,碗口反弹,1,69.0,4919,4583,False,靠近短期趋势线,-2.6,11.09,10.22,8.49,2.69,11.0,20.1,3.54
339,301687,新广益,破底翻,守住前低,50.38,-1.27,42.0,,,20.0,28.0,48.1,48.1,13.8,1.01,49.72,50.04,40.74,97.0,4.84,69.0,破底翻,1,69.0,4919,4583,False,,,,,,,,,
340,600197,伊力特,破底翻,守住前低,9.72,0.73,9.2,,,5.7,44.0,15.1,58.5,1.0,0.87,9.88,10.3,8.92,11.45,2.16,69.0,破底翻,1,69.0,4919,4583,False,,,,,,,,,
341,001316,润贝航科,破底翻,守住前低,26.86,3.07,25.61,,,4.9,7.0,31.1,57.8,8.2,1.0,26.63,26.57,24.84,38.96,5.99,69.0,破底翻,1,69.0,4919,4583,False,,,,,,,,,
342,001365,天海电子,破底翻,守住前低,34.83,-0.91,33.87,,,2.8,24.0,33.0,58.0,4.1,0.76,34.67,36.56,32.85,51.99,8.67,69.0,破底翻,1,69.0,4919,4583,False,,,,,,,,,
343,001237,惠康科技,破底翻,守住前低,51.91,-2.08,50.21,,,3.4,28.0,31.7,67.8,2.9,1.46,52.21,53.75,48.7,75.99,7.5,69.0,破底翻,1,69.0,4919,4583,False,,,,,,,,,
344,600032,浙江新能,破底翻,守住前低,6.87,-0.29,6.3,,,9.0,36.0,38.8,51.3,5.2,0.81,6.84,7.15,6.11,11.22,5.72,69.0,破底翻,1,69.0,4919,4583,False,,,,,,,,,
345,600262,北方股份,破底翻,守住前低,15.38,-0.26,12.49,,,23.1,28.0,31.6,56.3,7.7,0.48,15.4,14.97,12.12,22.47,2.17,69.0,破底翻,1,69.0,4919,4583,False,,,,,,,,,
346,688278,特宝生物,碗口反弹,,58.4,,,,,,,,37.6,,,,,55.75,66.8,3.17,69.0,碗口反弹,1,69.0,4919,4583,False,靠近多空线,-9.3,60.11,59.32,1.33,2.42,7.0,12.6,3.4
347,600132,重庆啤酒,破底翻,守住前低,40.28,0.98,40.35,,,-0.2,44.0,22.5,47.7,0.6,0.57,39.9,42.62,39.14,52.0,10.28,69.0,破底翻,1,69.0,4919,4583,False,,,,,,,,,
348,000818,航锦科技,破底翻,守住前低,12.41,0.4,11.95,,,3.8,49.0,26.8,73.7,2.3,0.95,12.12,12.95,11.59,16.95,5.54,69.0,破底翻,1,69.0,4919,4583,False,,,,,,,,,
349,000990,诚志股份,破底翻,守住前低,6.68,2.93,6.37,,,4.9,21.0,31.0,50.2,6.5,1.48,6.46,6.57,6.18,9.68,6.0,69.0,破底翻,1,69.0,4919,4583,False,,,,,,,,,
350,600903,贵州燃气,破底翻,守住前低,6.36,2.42,5.8,,,9.7,33.0,33.5,40.3,16.0,0.95,6.24,6.31,5.63,9.56,4.38,69.0,破底翻,1,69.0,4919,4583,False,,,,,,,,,
351,600894,广日股份,破底翻,守住前低,7.36,0.68,7.36,,,0.0,44.0,18.6,50.5,1.8,0.76,7.39,7.73,7.14,9.04,7.64,69.0,破底翻,1,69.0,4919,4583,False,,,,,,,,,
352,000099,中信海直,破底翻,破底翻,13.77,0.58,14.07,13.35,5.1,-2.1,3.0,22.4,59.2,7.4,1.4,13.69,14.1,13.43,17.74,11.68,69.0,破底翻,1,69.0,4919,4583,False,,,,,,,,,
353,000151,中成股份,破底翻,守住前低,10.24,1.19,8.98,,,14.0,36.0,33.2,45.8,17.7,1.05,10.08,10.05,8.71,15.33,3.33,69.0,破底翻,1,69.0,4919,4583,False,,,,,,,,,
354,600850,电科数字,破底翻,守住前低,14.62,-0.27,13.91,,,5.1,29.0,31.0,59.4,2.9,1.02,14.51,15.04,13.49,21.18,5.81,69.0,破底翻,1,69.0,4919,4583,False,,,,,,,,,
355,000402,金 融 街,破底翻,破底翻,2.55,2.0,2.57,2.36,8.2,-0.8,3.0,16.9,45.9,18.5,1.33,2.5,2.5,2.47,3.07,6.5,69.0,破底翻,1,69.0,4919,4583,False,,,,,,,,,
356,600779,水井坊,破底翻,守住前低,27.2,0.85,27.31,,,-0.4,44.0,16.3,57.1,2.6,1.24,27.06,27.98,26.49,32.5,7.46,69.0,破底翻,1,69.0,4919,4583,False,,,,,,,,,
357,600600,青岛啤酒,破底翻,守住前低,51.14,0.29,50.47,,,1.3,44.0,16.2,41.9,0.5,0.91,51.13,52.57,48.96,61.03,4.54,69.0,破底翻,1,69.0,4919,4583,False,,,,,,,,,
358,000786,北新建材,破底翻,破底翻,17.7,0.11,17.61,16.7,5.2,0.5,3.0,21.3,51.5,1.8,0.58,17.42,18.23,17.06,22.48,7.47,69.0,破底翻,1,69.0,4919,4583,False,,,,,,,,,
359,000799,酒鬼酒,破底翻,守住前低,39.21,0.31,36.95,,,6.1,54.0,16.1,48.9,8.5,1.01,38.94,40.1,35.84,46.74,2.23,69.0,破底翻,1,69.0,4919,4583,False,,,,,,,,,
360,301631,壹连科技,破底翻,破底翻,63.0,-1.7,62.0,53.35,14.0,1.6,4.0,26.6,73.8,5.3,0.54,62.2,63.74,59.14,85.88,5.93,69.0,破底翻,1,69.0,4919,4583,False,,,,,,,,,
361,600480,凌云股份,破底翻,守住前低,8.25,-0.84,7.9,,,4.4,44.0,23.9,58.1,5.5,0.9,8.32,8.58,7.66,10.84,4.39,69.0,破底翻,1,69.0,4919,4583,False,,,,,,,,,
362,000810,创维数字,破底翻,守住前低,9.73,-0.1,9.3,,,4.6,29.0,29.2,46.9,15.5,1.14,9.64,9.64,9.02,13.75,5.66,69.0,破底翻,1,69.0,4919,4583,False,,,,,,,,,
363,301632,广东建科,破底翻,守住前低,13.53,0.59,13.66,,,-1.0,9.0,23.9,71.0,1.2,1.39,13.45,14.4,13.11,17.79,10.14,69.0,破底翻,1,69.0,4919,4583,False,,,,,,,,,
364,301061,匠心家居,破底翻,守住前低,33.54,-0.62,33.07,,,1.4,44.0,20.3,71.9,0.8,0.72,34.01,35.24,32.08,42.09,5.86,69.0,破底翻,1,69.0,4919,4583,False,,,,,,,,,
365,601595,上海电影,破底翻,破底翻,16.66,0.0,17.05,15.75,7.6,-2.3,3.0,15.6,58.3,3.2,0.56,16.49,17.3,16.0,19.75,4.68,69.0,破底翻,1,69.0,4919,4583,False,,,,,,,,,
366,300413,芒果超媒,破底翻,守住前低,14.15,-0.21,14.22,,,-0.5,44.0,16.8,61.1,0.5,0.67,14.1,15.36,13.69,17.0,6.2,69.0,破底翻,1,69.0,4919,4583,False,,,,,,,,,
367,688795,摩尔线程,破底翻,守住前低,533.88,-1.86,530.05,,,0.7,21.0,30.6,43.3,2.2,1.15,533.01,563.41,510.09,769.5,9.9,69.0,破底翻,1,69.0,4919,4583,False,,,,,,,,,
368,688765,禾元生物,破底翻,守住前低,38.5,-1.28,32.61,,,18.1,21.0,32.3,70.8,6.3,1.08,37.21,37.55,31.63,56.84,2.67,69.0,破底翻,1,69.0,4919,4583,False,,,,,,,,,
369,688759,必贝特,破底翻,守住前低,24.66,-4.16,20.7,,,19.1,21.0,33.3,57.1,3.9,0.81,25.15,25.66,20.08,36.99,2.69,69.0,破底翻,1,69.0,4919,4583,False,,,,,,,,,
370,688721,龙图光罩,破底翻,守住前低,41.05,-2.93,33.28,,,23.3,28.0,41.4,45.3,17.8,1.15,41.44,41.0,32.28,70.06,3.31,69.0,破底翻,1,69.0,4919,4583,False,,,,,,,,,
371,688712,北芯生命,破底翻,守住前低,32.96,-1.7,31.0,,,6.3,28.0,20.3,40.9,8.1,0.74,32.82,33.9,30.07,41.38,2.91,69.0,破底翻,1,69.0,4919,4583,False,,,,,,,,,
372,688692,达梦数据,破底翻,破底翻,215.53,0.08,219.09,205.51,6.2,-1.6,24.0,23.0,53.6,10.4,0.97,223.48,237.38,203.4,280.02,5.32,69.0,破底翻,1,69.0,4919,4583,False,,,,,,,,,
373,688639,华恒生物,破底翻,守住前低,16.96,2.23,15.75,,,7.7,33.0,24.5,87.0,4.5,0.87,16.55,17.07,15.28,22.47,3.28,69.0,破底翻,1,69.0,4919,4583,False,,,,,,,,,
374,688636,智明达,破底翻,守住前低,20.25,-0.34,16.5,,,22.7,24.0,54.3,67.2,10.0,0.9,20.01,19.87,16.0,44.28,5.65,69.0,破底翻,1,69.0,4919,4583,False,,,,,,,,,
375,688631,莱斯信息,破底翻,破底翻,39.9,0.68,40.5,37.98,6.2,-1.5,4.0,24.5,70.7,6.1,0.97,39.8,41.26,38.31,52.86,8.15,69.0,破底翻,1,69.0,4919,4583,False,,,,,,,,,
376,688615,合合信息,破底翻,守住前低,96.0,1.48,88.86,,,8.0,24.0,25.5,81.1,2.4,1.28,93.04,110.42,86.19,128.9,3.35,69.0,破底翻,1,69.0,4919,4583,False,,,,,,,,,
377,688599,天合光能,破底翻,守住前低,12.62,0.64,12.05,,,4.7,36.0,18.4,57.8,1.3,0.99,12.65,13.28,11.69,15.47,3.06,69.0,破底翻,1,69.0,4919,4583,False,,,,,,,,,
378,688568,中科星图,破底翻,守住前低,31.88,0.89,30.85,,,3.3,29.0,32.2,68.1,9.4,0.82,31.21,34.56,29.92,46.99,7.71,69.0,破底翻,1,69.0,4919,4583,False,,,,,,,,,
379,688553,汇宇制药,破底翻,破底翻,11.71,-1.51,10.24,9.86,3.7,14.4,45.0,33.6,58.6,10.6,0.68,11.92,11.9,9.93,17.64,3.33,69.0,破底翻,1,69.0,4919,4583,False,,,,,,,,,
380,688522,纳睿雷达,破底翻,守住前低,18.6,0.92,18.01,,,3.3,26.0,19.1,75.4,1.8,0.94,18.2,19.03,17.47,22.99,3.88,69.0,破底翻,1,69.0,4919,4583,False,,,,,,,,,
381,688439,振华风光,破底翻,守住前低,38.65,0.16,36.97,,,4.5,28.0,21.3,54.8,1.9,0.88,38.49,39.32,35.86,49.1,3.75,69.0,破底翻,1,69.0,4919,4583,False,,,,,,,,,
382,688349,三一重能,破底翻,守住前低,13.78,-1.36,13.41,,,2.8,49.0,29.3,60.2,1.0,1.28,13.87,14.52,13.01,19.49,7.42,69.0,破底翻,1,69.0,4919,4583,False,,,,,,,,,
383,688360,德马科技,破底翻,破底翻,15.12,-0.92,15.1,13.43,11.1,0.1,20.0,34.8,49.4,18.4,0.82,15.26,15.66,14.42,23.2,11.54,69.0,破底翻,1,69.0,4919,4583,False,,,,,,,,,
384,688223,晶科能源,破底翻,守住前低,4.2,0.96,4.12,,,1.9,36.0,25.0,60.3,1.9,1.16,4.29,4.42,4.0,5.6,7.0,69.0,破底翻,1,69.0,4919,4583,False,,,,,,,,,
385,603279,景津装备,破底翻,守住前低,11.53,1.14,11.73,,,-1.7,44.0,19.5,53.1,0.3,1.14,11.91,12.53,11.16,14.32,7.54,69.0,破底翻,1,69.0,4919,4583,False,,,,,,,,,
386,603260,合盛硅业,破底翻,守住前低,35.07,0.98,31.6,,,11.0,29.0,32.5,48.0,2.7,0.93,34.09,35.12,30.65,51.93,3.81,69.0,破底翻,1,69.0,4919,4583,False,,,,,,,,,
387,000012,南 玻Ａ,破底翻,守住前低,3.79,0.53,3.72,,,1.9,32.0,30.2,40.3,2.4,1.36,3.76,3.82,3.61,5.43,9.11,69.0,破底翻,1,69.0,4919,4583,False,,,,,,,,,
388,603013,亚普股份,破底翻,守住前低,15.12,-2.2,15.38,,,-1.7,44.0,20.8,50.1,26.3,2.37,15.84,16.5,14.62,19.1,7.96,69.0,破底翻,1,69.0,4919,4583,False,,,,,,,,,
389,603160,汇顶科技,破底翻,守住前低,48.89,-1.59,48.4,,,1.0,29.0,23.6,51.4,0.6,0.68,48.44,50.71,46.95,64.0,7.79,69.0,破底翻,1,69.0,4919,4583,False,,,,,,,,,
390,603219,富佳股份,破底翻,破底翻,13.9,-0.71,13.55,12.05,11.1,2.6,20.0,19.2,41.5,17.6,0.93,13.91,14.23,13.14,17.2,4.34,69.0,破底翻,1,69.0,4919,4583,False,,,,,,,,,
391,601633,长城汽车,破底翻,守住前低,15.32,0.2,14.67,,,4.4,44.0,16.1,54.0,2.1,0.78,15.33,15.57,14.23,18.25,2.69,69.0,破底翻,1,69.0,4919,4583,False,,,,,,,,,
392,301479,弘景光电,破底翻,守住前低,48.34,-2.46,43.01,,,12.4,28.0,30.7,71.4,4.8,1.14,48.83,49.42,41.72,69.75,3.23,69.0,破底翻,1,69.0,4919,4583,False,,,,,,,,,
393,688750,金天钛业,破底翻,破底翻,14.24,0.42,14.4,13.63,5.3,-1.1,4.0,26.2,61.5,3.9,1.11,14.08,14.41,13.83,19.29,12.32,69.0,破底翻,1,69.0,4919,4583,False,,,,,,,,,
394,603201,常润股份,破底翻,守住前低,14.88,0.27,13.44,,,10.7,42.0,30.8,52.0,9.5,0.88,14.83,15.86,13.04,21.49,3.59,69.0,破底翻,1,69.0,4919,4583,False,,,,,,,,,
395,688789,宏华数科,破底翻,守住前低,46.28,-0.86,43.07,,,7.5,24.0,21.4,62.2,2.3,0.62,46.53,46.7,41.78,58.86,2.8,69.0,破底翻,1,69.0,4919,4583,False,,,,,,,,,
396,603418,友升股份,破底翻,守住前低,44.37,1.05,42.5,,,4.4,43.0,17.6,51.8,14.2,1.26,43.81,43.99,41.22,53.87,3.02,69.0,破底翻,1,69.0,4919,4583,False,,,,,,,,,
397,688198,佰仁医疗,破底翻,守住前低,74.01,-5.12,75.0,,,-1.3,45.0,22.5,55.4,0.0,0.7,76.38,79.72,70.3,95.49,5.79,69.0,破底翻,1,69.0,4919,4583,False,,,,,,,,,
398,688100,威胜信息,破底翻,守住前低,25.88,-0.35,25.0,,,3.5,9.0,25.3,51.1,0.6,0.62,25.75,28.11,24.25,34.66,5.39,69.0,破底翻,1,69.0,4919,4583,False,,,,,,,,,
399,688084,晶品特装,破底翻,破底翻,42.77,0.87,41.89,37.79,9.8,2.1,20.0,20.6,63.1,13.2,0.87,42.54,44.67,40.47,53.85,4.82,69.0,破底翻,1,69.0,4919,4583,False,,,,,,,,,
400,688036,传音控股,破底翻,破底翻,57.44,-0.5,58.3,54.57,6.4,-1.5,8.0,19.8,67.9,10.5,0.73,57.76,57.39,55.19,71.58,6.28,69.0,破底翻,1,69.0,4919,4583,False,,,,,,,,,
401,688032,禾迈股份,破底翻,守住前低,76.12,1.85,74.03,,,2.8,33.0,18.7,72.2,2.6,1.0,74.73,77.41,71.81,93.59,4.05,69.0,破底翻,1,69.0,4919,4583,False,,,,,,,,,
402,688007,光峰科技,破底翻,守住前低,10.51,0.96,9.9,,,6.2,26.0,26.4,58.5,2.4,0.73,10.3,10.69,9.6,14.28,4.14,69.0,破底翻,1,69.0,4919,4583,False,,,,,,,,,
403,605499,东鹏饮料,破底翻,守住前低,120.81,0.36,117.13,,,3.1,33.0,17.2,64.4,1.6,0.7,121.44,123.77,113.62,145.9,3.49,69.0,破底翻,1,69.0,4919,4583,False,,,,,,,,,
404,605333,沪光股份,破底翻,守住前低,17.03,0.53,16.05,,,6.1,44.0,16.1,57.8,4.2,0.67,17.1,17.34,15.57,20.3,2.24,69.0,破底翻,1,69.0,4919,4583,False,,,,,,,,,
405,603888,新华网,破底翻,破底翻,16.24,0.37,16.58,15.35,7.4,-2.1,4.0,22.4,48.4,2.3,1.39,16.1,16.5,15.83,20.94,11.46,69.0,破底翻,1,69.0,4919,4583,False,,,,,,,,,
406,603811,诚意药业,破底翻,破底翻,7.32,-0.54,7.3,6.93,5.1,0.3,21.0,34.6,56.9,17.1,0.96,7.36,7.4,7.08,11.2,16.17,69.0,破底翻,1,69.0,4919,4583,False,,,,,,,,,
407,603712,七一二,破底翻,破底翻,11.46,0.35,11.55,10.78,6.7,-0.8,3.0,20.9,61.5,2.7,0.59,11.18,11.71,11.08,14.48,7.95,69.0,破底翻,1,69.0,4919,4583,False,,,,,,,,,
408,605088,冠盛股份,破底翻,守住前低,20.24,-0.59,19.32,,,4.8,28.0,41.1,55.0,18.2,0.75,20.37,20.99,18.74,34.35,9.41,69.0,破底翻,1,69.0,4919,4583,False,,,,,,,,,
409,603407,长裕集团,破底翻,守住前低,57.8,-1.04,53.17,,,8.7,29.0,48.1,48.1,19.0,0.85,57.02,61.47,51.57,111.33,8.59,69.0,破底翻,1,69.0,4919,4583,False,,,,,,,,,
410,603341,龙旗科技,破底翻,破底翻,36.85,-3.28,36.87,34.91,5.3,-0.1,19.0,18.9,40.8,10.7,1.35,37.0,37.76,34.9,45.42,4.39,69.0,破底翻,1,69.0,4919,4583,False,,,,,,,,,
411,688190,云路股份,破底翻,破底翻,73.31,-1.32,72.51,64.19,11.5,1.1,20.0,35.7,45.2,16.6,0.69,73.04,74.64,70.31,114.0,13.56,69.0,破底翻,1,69.0,4919,4583,False,,,,,,,,,
412,603400,华之杰,破底翻,守住前低,44.29,-2.89,42.26,,,4.8,10.0,36.5,54.3,4.5,0.69,45.2,45.49,40.91,69.8,7.55,69.0,破底翻,1,69.0,4919,4583,False,,,,,,,,,
413,603826,坤彩科技,破底翻,破底翻,16.24,0.12,16.4,14.72,10.2,-1.0,2.0,51.5,70.9,3.4,1.01,16.02,16.87,15.49,33.5,23.01,69.0,破底翻,1,69.0,4919,4583,False,,,,,,,,,
414,600955,维远股份,破底翻,守住前低,12.94,1.65,11.33,,,14.2,28.0,25.2,41.2,7.4,1.25,12.68,12.72,10.99,17.3,2.24,69.0,破底翻,1,69.0,4919,4583,False,,,,,,,,,
415,603281,江瀚新材,破底翻,破底翻,19.5,0.0,19.91,18.5,7.1,-2.1,2.0,55.5,55.5,2.1,1.03,19.07,20.27,18.56,43.86,25.91,69.0,破底翻,1,69.0,4919,4583,False,,,,,,,,,
416,603305,旭升集团,破底翻,破底翻,11.32,0.44,11.37,10.44,8.2,-0.4,23.0,26.0,49.6,17.1,1.44,11.24,11.64,10.97,15.29,11.34,69.0,破底翻,1,69.0,4919,4583,False,,,,,,,,,
417,603322,超讯科技,破底翻,守住前低,25.24,-0.75,25.03,,,0.8,44.0,19.8,57.9,5.5,0.85,25.24,26.48,24.08,31.46,5.36,69.0,破底翻,1,69.0,4919,4583,False,,,,,,,,,
418,300985,致远新能,碗口反弹,,37.71,,,,,,,,35.0,,,,,34.39,58.0,6.11,68.9,碗口反弹,1,68.9,4919,4583,False,靠近短期趋势线,11.6,37.42,35.09,6.62,3.36,10.0,13.6,2.03
419,688458,美芯晟,破底翻,破底翻,34.27,1.45,33.61,30.04,10.6,2.0,7.0,21.2,48.5,26.0,1.24,33.48,33.43,32.38,43.48,4.87,68.0,破底翻,1,68.0,4919,4583,False,,,,,,,,,
420,688682,霍莱沃,破底翻,破底翻,30.92,-1.4,30.88,27.51,10.9,0.1,19.0,35.6,57.6,26.5,1.04,31.16,31.45,29.24,47.98,10.15,68.0,破底翻,1,68.0,4919,4583,False,,,,,,,,,
421,002559,亚威股份,破底翻,守住前低,9.11,-0.98,8.32,,,9.5,28.0,40.8,40.8,27.4,0.83,9.15,9.53,8.07,15.38,6.03,68.0,破底翻,1,68.0,4919,4583,False,,,,,,,,,
422,300619,金银河,破底翻,破底翻,25.95,-1.03,25.41,21.87,13.9,2.1,19.0,36.2,54.5,28.9,0.52,26.22,26.37,24.57,40.65,10.65,68.0,破底翻,1,68.0,4919,4583,False,,,,,,,,,
423,002865,钧达股份,破底翻,守住前低,40.57,0.32,39.33,,,3.2,21.0,46.7,65.2,22.1,0.79,40.22,43.35,38.15,76.12,14.69,68.0,破底翻,1,68.0,4919,4583,False,,,,,,,,,
424,000727,冠捷科技,破底翻,守住前低,2.31,1.32,2.2,,,5.0,34.0,25.7,41.2,24.2,0.79,2.26,2.25,2.13,3.11,4.44,68.0,破底翻,1,68.0,4919,4583,False,,,,,,,,,
425,002314,南山控股,破底翻,破底翻,2.22,1.37,2.22,1.98,10.8,0.0,4.0,19.3,40.6,22.3,1.34,2.18,2.15,2.15,2.75,7.57,68.0,破底翻,1,68.0,4919,4583,False,,,,,,,,,
426,688299,长阳科技,破底翻,破底翻,12.95,-0.61,12.66,11.25,11.1,2.3,20.0,29.7,50.6,27.9,1.11,12.91,12.95,12.28,18.43,8.18,68.0,破底翻,1,68.0,4919,4583,False,,,,,,,,,
427,002878,元隆雅图,破底翻,破底翻,12.42,0.73,12.25,10.9,11.0,1.4,21.0,23.4,54.7,20.8,0.89,12.36,12.48,11.88,16.22,7.04,68.0,破底翻,1,68.0,4919,4583,False,,,,,,,,,
428,688286,敏芯股份,破底翻,守住前低,47.75,-0.85,36.6,,,30.5,28.0,65.4,65.4,30.0,0.74,46.9,46.51,35.5,138.07,7.37,68.0,破底翻,1,68.0,4919,4583,False,,,,,,,,,
429,300493,润欣科技,破底翻,破底翻,12.8,-0.78,12.24,11.82,3.4,4.6,4.0,17.4,63.9,28.9,1.19,12.35,12.67,11.87,15.49,2.89,68.0,破底翻,1,68.0,4919,4583,False,,,,,,,,,
430,300578,会畅科技,破底翻,破底翻,15.05,-0.99,15.0,13.86,7.6,0.3,21.0,29.9,54.8,22.9,0.84,15.23,15.94,14.34,21.48,9.06,68.0,破底翻,1,68.0,4919,4583,False,,,,,,,,,
431,601112,振石股份,破底翻,破底翻,15.51,0.39,15.47,14.58,5.8,0.3,22.0,19.6,50.0,20.6,1.05,15.28,15.38,15.01,19.28,7.54,68.0,破底翻,1,68.0,4919,4583,False,,,,,,,,,
432,600576,祥源文旅,破底翻,守住前低,5.58,1.09,5.47,,,2.0,49.0,15.8,48.4,23.2,1.18,5.52,5.54,5.31,6.63,3.89,68.0,破底翻,1,68.0,4919,4583,False,,,,,,,,,
433,600556,天下秀,破底翻,破底翻,4.6,0.0,4.31,4.11,4.6,6.7,25.0,19.0,51.3,27.1,1.46,4.57,4.87,4.18,5.68,2.57,68.0,破底翻,1,68.0,4919,4583,False,,,,,,,,,
434,301379,天山电子,破底翻,守住前低,21.38,-3.65,17.81,,,20.0,21.0,48.2,49.5,26.5,0.96,21.56,21.96,17.28,41.3,4.86,68.0,破底翻,1,68.0,4919,4583,False,,,,,,,,,
435,002617,露笑科技,破底翻,守住前低,6.2,-0.96,5.57,,,11.3,29.0,40.6,47.0,28.7,0.95,6.16,6.29,5.4,10.44,5.3,68.0,破底翻,1,68.0,4919,4583,False,,,,,,,,,
436,300925,法本信息,破底翻,破底翻,14.62,-0.14,14.35,13.48,6.1,1.9,24.0,26.5,57.4,28.1,0.89,14.63,14.97,13.92,19.88,7.51,68.0,破底翻,1,68.0,4919,4583,False,,,,,,,,,
437,603809,豪能股份,破底翻,破底翻,8.96,-0.22,9.05,8.36,7.6,-1.0,23.0,17.5,54.4,20.6,0.72,8.95,9.26,8.72,10.86,7.92,68.0,破底翻,1,68.0,4919,4583,False,,,,,,,,,
438,300680,隆盛科技,破底翻,守住前低,20.3,-1.31,19.43,,,4.5,28.0,44.4,70.4,26.9,0.89,20.35,21.39,18.85,36.49,11.17,68.0,破底翻,1,68.0,4919,4583,False,,,,,,,,,
439,300603,立昂技术,破底翻,破底翻,7.9,0.25,7.31,7.04,3.7,8.1,28.0,18.0,50.5,21.6,1.08,7.72,8.09,7.09,9.64,2.15,68.0,破底翻,1,68.0,4919,4583,False,,,,,,,,,
440,300667,必创科技,破底翻,破底翻,14.58,-0.14,14.57,12.8,12.1,0.1,7.0,27.0,41.0,29.4,0.71,14.47,14.42,13.95,19.98,8.57,68.0,破底翻,1,68.0,4919,4583,False,,,,,,,,,
441,300644,南京聚隆,破底翻,破底翻,20.8,1.96,20.53,19.04,7.3,1.3,21.0,21.7,51.3,25.8,1.02,20.61,21.24,19.91,26.56,6.47,68.0,破底翻,1,68.0,4919,4583,False,,,,,,,,,
442,688820,盛合晶微,破底翻,守住前低,127.55,-0.12,119.0,,,7.2,28.0,42.6,45.8,21.1,1.42,124.08,133.22,115.43,222.22,7.81,68.0,破底翻,1,68.0,4919,4583,False,,,,,,,,,
443,002928,华夏航空,破底翻,守住前低,6.34,0.32,5.92,,,7.1,33.0,20.4,49.2,20.3,1.0,6.29,6.42,5.74,7.96,2.7,68.0,破底翻,1,68.0,4919,4583,False,,,,,,,,,
444,688168,安博通,破底翻,守住前低,35.02,-0.31,31.27,,,12.0,21.0,55.4,69.0,27.4,1.34,34.73,35.98,30.33,78.59,9.29,68.0,破底翻,1,68.0,4919,4583,False,,,,,,,,,
445,688788,科思科技,破底翻,守住前低,29.85,-0.13,26.08,,,14.5,28.0,41.1,69.0,29.8,0.82,30.08,30.15,25.3,50.68,4.58,68.0,破底翻,1,68.0,4919,4583,False,,,,,,,,,
446,003026,中晶科技,破底翻,守住前低,29.24,-1.71,24.26,,,20.5,28.0,41.3,45.9,20.8,0.93,29.17,29.08,23.53,49.8,3.6,68.0,破底翻,1,68.0,4919,4583,False,,,,,,,,,
447,001696,宗申动力,破底翻,守住前低,15.14,-0.53,14.11,,,7.3,29.0,41.2,57.1,29.0,1.07,15.03,15.69,13.69,25.74,7.31,68.0,破底翻,1,68.0,4919,4583,False,,,,,,,,,
448,300061,旗天科技,破底翻,破底翻,6.15,-2.23,5.97,5.74,3.9,3.0,25.0,33.5,71.6,24.2,0.86,6.13,6.48,5.79,9.25,8.61,68.0,破底翻,1,68.0,4919,4583,False,,,,,,,,,
449,300207,欣旺达,破底翻,破底翻,17.93,-0.88,18.01,16.58,7.9,-0.4,25.0,16.6,52.7,27.9,0.85,17.97,18.35,17.35,21.49,6.14,68.0,破底翻,1,68.0,4919,4583,False,,,,,,,,,
450,002117,东港股份,破底翻,破底翻,8.1,0.37,8.18,7.43,9.2,-1.0,5.0,15.9,47.6,28.4,0.62,8.12,8.1,7.88,9.63,6.95,68.0,破底翻,1,68.0,4919,4583,False,,,,,,,,,
451,688811,有研复材,破底翻,破底翻,21.65,-0.96,19.49,18.88,3.1,11.1,21.0,35.6,40.8,24.7,1.35,21.31,22.21,18.91,33.6,4.36,68.0,破底翻,1,68.0,4919,4583,False,,,,,,,,,
452,002625,光启技术,破底翻,破底翻,28.4,0.64,28.33,26.4,6.8,0.2,28.0,27.9,51.0,28.4,1.08,28.18,29.67,27.35,39.41,10.49,68.0,破底翻,1,68.0,4919,4583,False,,,,,,,,,
453,002727,一心堂,碗口反弹,,11.25,,,,,,,,51.6,,,,,10.84,12.91,4.05,67.7,碗口反弹,1,67.7,4919,4583,False,靠近多空线,8.2,11.7,11.57,1.11,3.03,13.0,12.9,1.61
454,688289,圣湘生物,碗口反弹,,15.66,,,,,,,,40.6,,,,,14.89,18.31,3.44,67.4,碗口反弹,1,67.4,4919,4583,False,靠近多空线,19.9,15.79,15.75,0.23,5.07,6.0,14.5,1.48
455,603699,纽威股份,碗口反弹,,50.7,,,,,,,,24.5,,,,,48.43,58.91,3.62,67.3,碗口反弹,1,67.3,4919,4583,False,靠近多空线,-9.5,52.01,51.21,1.57,2.02,22.0,10.2,3.48
456,688077,大地熊,碗口反弹,,28.3,,,,,,,,37.7,,,,,26.81,33.48,3.48,67.2,碗口反弹,1,67.2,4919,4583,False,靠近短期趋势线,0.3,27.76,27.35,1.5,3.67,8.0,14.4,1.06
457,301602,超研股份,破底翻,破底翻,16.44,-1.14,14.38,13.63,5.2,14.3,34.0,22.7,57.8,13.4,0.74,16.46,16.8,13.95,21.28,1.94,67.2,破底翻/碗口反弹,2,72.0,4919,4583,True,靠近多空线,5.9,16.91,16.51,2.45,2.31,11.0,22.7,1.59
458,600663,陆家嘴,碗口反弹,,8.98,,,,,,,,25.8,,,,,8.18,9.75,0.96,67.2,碗口反弹,1,84.0,4919,4583,True,回落碗中,-5.0,9.17,8.35,9.88,3.13,21.0,7.9,2.23
459,688311,盟升电子,破底翻,守住前低,22.96,0.13,20.83,,,10.2,28.0,34.4,62.1,16.0,0.74,22.62,23.48,20.21,35.0,4.38,67.0,破底翻,1,67.0,4919,4583,False,,,,,,,,,
460,300443,金雷股份,破底翻,守住前低,18.68,-0.8,18.7,,,-0.1,36.0,21.4,45.5,16.5,0.69,18.87,20.34,18.09,23.76,8.61,67.0,破底翻,1,67.0,4919,4583,False,,,,,,,,,
461,300446,航天智造,破底翻,守住前低,13.08,-0.91,12.97,,,0.8,29.0,28.0,59.1,11.9,0.92,13.11,13.57,12.58,18.17,10.18,67.0,破底翻,1,67.0,4919,4583,False,,,,,,,,,
462,688776,国光电气,破底翻,破底翻,48.08,1.95,47.5,44.87,5.5,1.2,4.0,27.4,67.9,13.1,1.04,47.14,49.0,45.73,66.24,7.73,67.0,破底翻,1,67.0,4919,4583,False,,,,,,,,,
463,301584,建发致新,破底翻,守住前低,21.73,-0.91,20.4,,,6.5,49.0,17.9,53.0,14.3,0.7,21.66,22.79,19.79,26.47,2.44,67.0,破底翻,1,67.0,4919,4583,False,,,,,,,,,
464,688608,恒玄科技,破底翻,守住前低,103.51,-1.71,103.45,,,0.1,7.0,38.2,77.0,0.5,0.79,103.86,109.71,98.19,167.6,12.05,67.0,破底翻,1,67.0,4919,4583,False,,,,,,,,,
465,001393,维通利,破底翻,守住前低,41.83,-1.02,41.72,,,0.3,7.0,38.5,72.1,4.0,0.91,41.77,43.84,40.04,68.02,14.63,67.0,破底翻,1,67.0,4919,4583,False,,,,,,,,,
466,301696,三瑞智能,破底翻,守住前低,96.04,-2.28,91.7,,,4.7,28.0,34.7,43.2,11.3,1.03,96.51,102.51,88.95,146.99,7.19,67.0,破底翻,1,67.0,4919,4583,False,,,,,,,,,
467,301397,溯联股份,破底翻,守住前低,24.77,-2.98,24.25,,,2.1,21.0,37.6,51.6,11.9,0.89,25.13,26.11,23.15,39.68,9.2,67.0,破底翻,1,67.0,4919,4583,False,,,,,,,,,
468,300149,睿智医药,碗口反弹,,9.68,,,,,,,,36.6,,,,,8.9,12.29,3.35,67.0,碗口反弹,1,67.0,4919,4583,False,靠近多空线,3.5,10.32,9.92,4.01,2.63,6.0,21.2,5.06
469,300101,振芯科技,破底翻,破底翻,14.32,0.56,14.44,13.52,6.4,-0.8,4.0,17.0,60.1,12.4,0.82,14.2,14.69,13.84,17.26,6.12,67.0,破底翻,1,67.0,4919,4583,False,,,,,,,,,
470,300812,易天股份,破底翻,守住前低,19.14,-0.98,18.4,,,4.0,7.0,40.9,62.4,11.1,0.98,19.11,19.28,17.85,32.4,10.28,67.0,破底翻,1,67.0,4919,4583,False,,,,,,,,,
471,301291,明阳电气,破底翻,守住前低,33.97,-2.89,34.42,,,-1.3,42.0,35.3,53.9,17.9,0.98,36.31,39.05,31.73,52.5,8.27,67.0,破底翻,1,67.0,4919,4583,False,,,,,,,,,
472,002892,科力尔,破底翻,守住前低,9.13,-1.19,8.59,,,6.3,44.0,19.0,56.8,12.4,0.96,9.12,9.43,8.33,11.27,2.67,67.0,破底翻,1,67.0,4919,4583,False,,,,,,,,,
473,300777,中简科技,破底翻,守住前低,22.77,0.0,21.53,,,5.8,29.0,29.2,53.6,13.1,0.84,22.58,23.98,20.88,32.15,4.96,67.0,破底翻,1,67.0,4919,4583,False,,,,,,,,,
474,688088,虹软科技,破底翻,守住前低,29.86,0.67,29.5,,,1.2,24.0,25.7,54.7,15.6,1.18,29.7,32.64,28.6,40.17,8.18,67.0,破底翻,1,67.0,4919,4583,False,,,,,,,,,
475,688117,圣诺生物,破底翻,守住前低,23.93,-1.24,22.27,,,7.5,28.0,25.7,54.4,14.4,0.59,24.25,25.51,21.6,32.2,3.55,67.0,破底翻,1,67.0,4919,4583,False,,,,,,,,,
476,300735,光弘科技,破底翻,破底翻,20.53,-1.91,20.45,18.32,10.4,0.4,3.0,17.4,54.5,15.8,1.02,20.12,20.37,19.5,24.85,4.19,67.0,破底翻,1,67.0,4919,4583,False,,,,,,,,,
477,300827,上能电气,破底翻,守住前低,25.68,-0.77,23.84,,,7.7,36.0,18.7,52.2,17.9,0.68,25.85,26.08,23.12,31.6,2.31,67.0,破底翻,1,67.0,4919,4583,False,,,,,,,,,
478,300176,鸿特科技,破底翻,守住前低,4.74,0.21,4.66,,,1.7,38.0,33.8,51.2,11.8,0.65,4.71,4.97,4.52,7.16,11.0,67.0,破底翻,1,67.0,4919,4583,False,,,,,,,,,
479,601127,赛力斯,破底翻,守住前低,50.59,0.14,50.13,,,0.9,7.0,34.1,71.0,0.6,0.74,50.44,53.81,48.63,76.81,13.38,67.0,破底翻,1,67.0,4919,4583,False,,,,,,,,,
480,300682,朗新科技,破底翻,破底翻,9.55,-0.31,9.69,9.19,5.2,-1.4,3.0,28.7,65.4,14.2,0.8,9.44,10.6,9.14,13.4,9.39,67.0,破底翻,1,67.0,4919,4583,False,,,,,,,,,
481,600101,明星电力,破底翻,守住前低,7.9,-0.25,7.72,,,2.3,44.0,26.6,53.2,11.9,0.94,7.91,8.08,7.49,10.77,7.0,67.0,破底翻,1,67.0,4919,4583,False,,,,,,,,,
482,600826,兰生股份,破底翻,守住前低,7.75,0.0,7.45,,,4.0,28.0,26.0,49.9,19.0,1.01,7.87,7.96,7.23,10.48,5.25,67.0,破底翻,1,67.0,4919,4583,False,,,,,,,,,
483,002847,盐津铺子,破底翻,守住前低,45.42,0.66,43.33,,,4.8,44.0,21.2,54.6,12.6,0.7,45.04,48.06,42.03,57.61,3.6,67.0,破底翻,1,67.0,4919,4583,False,,,,,,,,,
484,002465,海格通信,破底翻,守住前低,10.1,-0.59,9.26,,,9.1,28.0,38.4,62.1,13.9,0.82,10.01,10.37,8.98,16.4,5.63,67.0,破底翻,1,67.0,4919,4583,False,,,,,,,,,
485,603728,鸣志电器,破底翻,守住前低,48.07,0.4,46.3,,,3.8,29.0,31.0,48.0,18.4,0.77,47.24,50.49,44.91,69.71,6.85,67.0,破底翻,1,67.0,4919,4583,False,,,,,,,,,
486,301162,国能日新,破底翻,破底翻,37.63,-0.19,38.1,34.9,8.4,-1.2,3.0,17.3,55.7,11.1,1.2,37.18,39.32,35.89,45.5,4.52,67.0,破底翻,1,67.0,4919,4583,False,,,,,,,,,
487,688326,经纬恒润,破底翻,守住前低,62.7,2.72,61.8,,,1.5,33.0,23.1,61.7,12.1,0.92,62.46,66.26,59.65,81.5,6.16,67.0,破底翻,1,67.0,4919,4583,False,,,,,,,,,
488,603334,丰倍生物,破底翻,守住前低,32.6,1.68,30.28,,,7.7,33.0,24.5,57.1,11.5,0.82,31.83,32.89,29.37,43.19,3.28,67.0,破底翻,1,67.0,4919,4583,False,,,,,,,,,
489,688391,钜泉科技,破底翻,守住前低,26.23,1.79,22.5,,,16.6,28.0,29.7,49.5,10.2,1.33,25.51,25.62,21.82,37.29,2.51,67.0,破底翻,1,67.0,4919,4583,False,,,,,,,,,
490,000875,电投绿能,破底翻,守住前低,4.96,1.22,4.82,,,2.9,37.0,25.9,40.7,16.5,0.83,4.95,5.12,4.68,6.69,6.18,67.0,破底翻,1,67.0,4919,4583,False,,,,,,,,,
491,301089,拓新药业,破底翻,破底翻,23.6,-3.0,20.69,19.99,3.4,14.1,45.0,15.4,50.9,6.8,0.62,23.9,24.44,20.07,27.88,1.21,66.4,破底翻/碗口反弹,2,71.0,4919,4583,True,靠近多空线,15.5,24.39,24.12,1.15,5.89,7.0,15.4,1.06
492,301129,瑞纳智能,碗口反弹,,23.41,,,,,,,,33.1,,,,,21.99,26.49,2.17,66.4,碗口反弹,1,66.4,4919,4583,False,靠近多空线,20.0,23.14,22.77,1.62,3.22,8.0,11.5,1.18
493,300253,卫宁健康,破底翻,守住前低,6.87,0.73,6.47,,,6.2,44.0,16.7,57.3,25.2,1.25,6.9,7.45,6.28,8.25,2.34,66.0,破底翻,1,66.0,4919,4583,False,,,,,,,,,
494,002488,金固股份,破底翻,守住前低,8.16,0.74,7.99,,,2.1,33.0,23.2,46.5,26.6,0.53,8.05,8.56,7.75,10.63,6.02,66.0,破底翻,1,66.0,4919,4583,False,,,,,,,,,
495,000519,中兵红箭,破底翻,守住前低,14.43,0.42,13.05,,,10.6,29.0,36.8,40.7,29.4,0.89,14.18,14.54,12.66,22.83,4.75,66.0,破底翻,1,66.0,4919,4583,False,,,,,,,,,
496,000958,电投产融,破底翻,守住前低,5.31,-0.56,5.23,,,1.5,36.0,20.0,50.1,28.2,0.98,5.31,5.41,5.07,6.64,5.54,66.0,破底翻,1,66.0,4919,4583,False,,,,,,,,,
497,600633,浙数文化,破底翻,守住前低,10.22,-0.39,9.82,,,4.1,44.0,16.4,48.4,24.4,1.04,10.15,10.72,9.53,12.22,2.9,66.0,破底翻,1,66.0,4919,4583,False,,,,,,,,,
498,600520,三佳科技,破底翻,守住前低,24.51,-0.73,21.05,,,16.4,28.0,39.3,57.9,29.4,1.22,24.25,24.45,20.42,40.4,3.89,66.0,破底翻,1,66.0,4919,4583,False,,,,,,,,,
499,603050,科林电气,破底翻,守住前低,17.9,0.06,17.46,,,2.5,30.0,17.7,47.3,28.1,0.68,17.86,18.27,16.94,21.75,4.01,66.0,破底翻,1,66.0,4919,4583,False,,,,,,,,,
500,300258,精锻科技,破底翻,守住前低,9.47,-0.94,9.23,,,2.6,28.0,29.4,47.3,26.1,0.93,9.54,10.07,8.95,13.42,7.6,66.0,破底翻,1,66.0,4919,4583,False,,,,,,,,,
501,688186,广大特材,破底翻,破底翻,14.09,0.07,14.28,13.23,7.4,-1.3,3.0,27.4,56.4,27.7,0.71,13.92,14.31,13.6,19.42,10.88,66.0,破底翻,1,66.0,4919,4583,False,,,,,,,,,
502,688582,芯动联科,破底翻,守住前低,42.17,-0.54,34.86,,,21.0,28.0,38.3,52.6,29.5,0.89,41.75,41.88,33.81,68.38,3.14,66.0,破底翻,1,66.0,4919,4583,False,,,,,,,,,
503,002387,维信诺,破底翻,守住前低,7.32,2.95,6.81,,,7.5,7.0,21.0,54.2,23.5,0.97,7.24,7.15,6.61,9.26,2.73,66.0,破底翻,1,66.0,4919,4583,False,,,,,,,,,
504,300024,机器人,破底翻,守住前低,14.42,-1.23,14.45,,,-0.2,33.0,27.0,40.9,29.2,0.98,14.44,15.35,13.84,19.75,9.19,66.0,破底翻,1,66.0,4919,4583,False,,,,,,,,,
505,688047,龙芯中科,破底翻,守住前低,106.2,-1.27,103.9,,,2.2,24.0,33.1,47.7,26.0,0.87,104.58,109.02,100.78,158.63,9.67,66.0,破底翻,1,66.0,4919,4583,False,,,,,,,,,
506,300046,台基股份,破底翻,守住前低,24.64,-1.56,21.95,,,12.3,21.0,34.3,53.8,30.0,0.6,24.53,24.65,21.29,37.5,3.84,66.0,破底翻,1,66.0,4919,4583,False,,,,,,,,,
507,300339,润和软件,破底翻,守住前低,35.83,0.06,34.91,,,2.6,32.0,17.3,57.8,27.4,1.38,35.49,37.31,33.86,43.3,3.79,66.0,破底翻,1,66.0,4919,4583,False,,,,,,,,,
508,600171,上海贝岭,破底翻,守住前低,22.89,-0.95,21.95,,,4.3,28.0,30.3,57.1,25.0,0.98,22.65,23.1,21.29,32.86,6.23,66.0,破底翻,1,66.0,4919,4583,False,,,,,,,,,
509,300296,利亚德,破底翻,守住前低,5.12,-0.58,5.11,,,0.2,36.0,30.1,47.2,24.0,0.84,5.11,5.3,4.96,7.32,13.75,66.0,破底翻,1,66.0,4919,4583,False,,,,,,,,,
510,688159,有方科技,破底翻,破底翻,32.94,-1.35,32.98,28.44,13.8,-0.1,4.0,36.1,61.2,23.1,0.88,32.53,32.92,31.14,51.55,10.34,66.0,破底翻,1,66.0,4919,4583,False,,,,,,,,,
511,002866,传艺科技,破底翻,守住前低,14.9,-0.07,13.9,,,7.2,36.0,23.5,50.3,25.3,0.72,14.89,15.25,13.48,19.48,3.23,66.0,破底翻,1,66.0,4919,4583,False,,,,,,,,,
512,002755,奥赛康,破底翻,守住前低,11.84,-5.51,12.06,,,-1.8,49.0,24.5,59.2,25.2,1.17,12.19,13.22,11.15,15.69,5.58,66.0,破底翻,1,66.0,4919,4583,False,,,,,,,,,
513,000158,常山北明,破底翻,守住前低,12.61,-0.79,12.45,,,1.3,38.0,22.3,68.4,27.3,1.37,12.57,13.25,12.08,16.23,6.83,66.0,破底翻,1,66.0,4919,4583,False,,,,,,,,,
514,301599,理奇智能,破底翻,守住前低,34.81,1.25,31.37,,,11.0,21.0,34.2,59.0,22.9,0.99,34.43,35.35,30.43,52.87,4.12,66.0,破底翻,1,66.0,4919,4583,False,,,,,,,,,
515,300458,全志科技,破底翻,守住前低,31.0,-1.68,31.02,,,-0.1,18.0,28.1,53.6,26.3,1.07,30.87,32.97,28.96,43.13,5.95,66.0,破底翻,1,66.0,4919,4583,False,,,,,,,,,
516,002006,精工科技,破底翻,破底翻,13.44,0.52,13.44,12.67,5.7,0.0,4.0,18.7,46.3,22.6,0.75,13.22,13.61,13.04,16.54,7.75,66.0,破底翻,1,66.0,4919,4583,False,,,,,,,,,
517,603368,柳药集团,碗口反弹,,15.92,,,,,,,,33.9,,,,,15.55,17.11,3.22,65.7,碗口反弹,1,65.7,4919,4583,False,靠近多空线,12.0,16.06,15.99,0.44,4.77,11.0,7.0,1.02
518,300452,山河药辅,碗口反弹,,12.93,,,,,,,,24.6,,,,,12.44,14.45,3.1,65.2,碗口反弹,1,65.2,4919,4583,False,靠近多空线,13.4,12.88,12.78,0.81,3.57,7.0,10.5,1.01
519,300017,网宿科技,碗口反弹,,15.31,,,,,,,,36.5,,,,,14.35,17.58,2.36,65.1,碗口反弹,1,65.1,4919,4583,False,回落碗中,13.4,15.36,15.15,1.39,2.46,10.0,12.9,34.4
520,002225,濮耐股份,破底翻,破底翻,3.72,1.36,3.65,3.47,4.9,1.9,4.0,24.1,51.8,21.3,0.73,3.64,3.71,3.54,4.9,6.56,65.0,破底翻,1,65.0,4919,4583,False,,,,,,,,,
521,688669,聚石化学,碗口反弹,,74.8,,,,,,,,36.9,,,,,66.61,118.5,5.34,65.0,碗口反弹,1,65.0,4919,4583,False,靠近短期趋势线,16.6,73.39,67.97,7.98,2.16,17.0,8.6,3.08
522,000048,京基智农,碗口反弹,,22.17,,,,,,,,16.0,,,,,20.39,26.38,2.37,64.8,碗口反弹,1,64.8,4919,4583,False,靠近短期趋势线,18.0,22.16,20.8,6.54,2.47,17.0,10.9,3.86
523,002675,东诚药业,碗口反弹,,12.9,,,,,,,,30.9,,,,,12.56,13.72,2.41,64.7,碗口反弹,1,64.7,4919,4583,False,靠近多空线,14.3,13.04,12.98,0.48,3.43,7.0,6.0,1.12
524,688244,永信至诚,破底翻,破底翻,15.09,0.07,13.96,12.95,7.2,8.1,24.0,15.1,76.4,5.0,2.04,15.06,15.39,13.54,17.78,1.74,64.0,破底翻,1,80.0,4919,4583,True,,,,,,,,,
525,603507,振江股份,破底翻,守住前低,23.8,0.89,22.9,,,3.9,7.0,39.9,52.2,25.5,1.0,23.4,23.89,22.21,39.58,9.92,64.0,破底翻,1,64.0,4919,4583,False,,,,,,,,,
526,300557,理工光科,破底翻,守住前低,26.8,0.98,25.25,,,6.1,7.0,27.4,44.9,26.8,1.16,26.04,26.09,24.49,36.93,4.39,64.0,破底翻,1,64.0,4919,4583,False,,,,,,,,,
527,300861,美畅股份,破底翻,守住前低,16.79,-0.83,16.6,,,1.1,7.0,40.0,43.8,24.8,0.84,16.68,16.99,16.05,27.98,15.12,64.0,破底翻,1,64.0,4919,4583,False,,,,,,,,,
528,300663,科蓝软件,破底翻,破底翻,8.51,-1.16,6.82,6.3,7.6,24.8,32.0,23.9,71.5,8.2,1.66,8.49,9.16,6.62,11.18,1.41,64.0,破底翻,1,80.0,4919,4583,True,,,,,,,,,
529,300453,三鑫医疗,碗口反弹,,9.65,,,,,,,,17.1,,,,,9.31,10.46,2.38,63.8,碗口反弹,1,63.8,4919,4583,False,靠近多空线,1.2,9.78,9.66,1.23,2.96,11.0,7.7,1.55
530,001376,百通能源,破底翻,破底翻,11.58,9.97,9.95,9.54,4.1,16.4,29.0,20.0,57.6,7.1,3.12,10.69,11.11,9.65,14.47,1.5,63.2,破底翻,1,79.0,4919,4583,True,,,,,,,,,
531,301513,尚水智能,破底翻,守住前低,47.3,-0.73,46.9,,,0.9,5.0,36.9,59.5,7.6,0.68,47.95,49.16,45.11,74.99,12.64,63.0,破底翻,1,63.0,4919,4583,False,,,,,,,,,
532,688708,佳驰科技,破底翻,破底翻,40.74,1.57,41.51,39.65,4.5,-1.9,1.0,26.3,52.5,0.7,1.06,40.38,43.91,39.14,55.3,9.1,63.0,破底翻,1,63.0,4919,4583,False,,,,,,,,,
533,600363,联创光电,破底翻,守住前低,18.19,-0.11,16.78,,,8.4,4.0,52.4,76.9,0.5,0.66,17.8,20.66,16.28,38.25,10.5,63.0,破底翻,1,63.0,4919,4583,False,,,,,,,,,
534,002370,亚太药业,碗口反弹,,5.55,,,,,,,,41.0,,,,,5.27,6.63,3.86,62.2,碗口反弹,1,62.2,4919,4583,False,靠近多空线,8.7,5.64,5.63,0.16,2.89,13.0,16.3,2.48
535,688131,皓元医药,碗口反弹,,93.58,,,,,,,,10.4,,,,,85.86,104.44,1.41,61.6,碗口反弹,1,77.0,4919,4583,True,回落碗中,18.4,94.16,87.61,7.47,3.59,15.0,10.4,6.27
536,301080,百普赛斯,碗口反弹,,82.5,,,,,,,,19.7,,,,,66.45,102.79,1.26,61.6,碗口反弹,1,77.0,4919,4583,True,回落碗中,-11.9,83.23,67.81,22.74,2.42,15.0,19.7,15.75
537,688095,福昕软件,破底翻,破底翻,62.18,7.06,55.58,49.35,11.2,11.9,22.0,18.0,53.7,30.0,3.84,58.58,64.34,53.91,75.8,1.65,61.6,破底翻,1,77.0,4919,4583,True,,,,,,,,,
538,002649,博彦科技,破底翻,破底翻,9.82,0.51,8.67,7.93,8.5,13.3,25.0,15.9,42.2,27.4,1.65,9.71,9.96,8.41,11.67,1.31,61.6,破底翻,1,77.0,4919,4583,True,,,,,,,,,
539,300705,九典制药,碗口反弹,,11.33,,,,,,,,71.5,,,,,10.76,13.19,3.26,61.5,碗口反弹,1,61.5,4919,4583,False,靠近多空线,12.7,11.57,11.46,0.99,2.02,7.0,14.1,1.84
540,688237,超卓航科,碗口反弹,,55.66,,,,,,,,22.6,,,,,52.51,71.91,5.16,61.4,碗口反弹,1,61.4,4919,4583,False,靠近多空线,12.2,57.39,56.13,2.25,2.24,17.0,10.9,1.33
541,301371,敷尔佳,破底翻,守住前低,21.85,-0.68,20.89,,,4.6,4.0,23.6,49.7,0.6,0.4,21.67,24.45,20.26,28.6,4.25,61.0,破底翻,1,61.0,4919,4583,False,,,,,,,,,
542,603092,德力佳,破底翻,守住前低,42.3,0.71,40.81,,,3.7,4.0,31.4,56.4,2.0,0.51,41.84,47.25,39.59,61.68,7.15,61.0,破底翻,1,61.0,4919,4583,False,,,,,,,,,
543,603606,东方电缆,破底翻,守住前低,34.34,0.29,33.76,,,1.7,4.0,22.4,53.6,0.5,0.62,34.38,37.43,32.75,44.25,6.23,61.0,破底翻,1,61.0,4919,4583,False,,,,,,,,,
544,603737,三棵树,破底翻,破底翻,25.6,3.06,23.13,21.7,6.2,10.7,25.0,15.2,56.1,7.6,1.14,25.18,24.43,22.44,30.2,1.46,60.8,破底翻,1,76.0,4919,4583,True,,,,,,,,,
545,000009,中国宝安,碗口反弹,,7.26,,,,,,,,43.2,,,,,7.01,8.39,4.52,60.7,碗口反弹,1,60.7,4919,4583,False,靠近多空线,13.4,7.51,7.38,1.83,2.37,15.0,13.5,3.45
546,002219,新里程,碗口反弹,,2.27,,,,,,,,31.2,,,,,2.15,2.66,3.25,60.4,碗口反弹,1,60.4,4919,4583,False,靠近短期趋势线,18.0,2.27,2.19,3.59,2.49,12.0,14.7,3.7
547,000756,新华制药,碗口反弹,,13.43,,,,,,,,28.2,,,,,12.91,15.43,3.85,60.1,碗口反弹,1,60.1,4919,4583,False,靠近多空线,16.1,13.81,13.81,0.03,2.27,7.0,9.3,2.01
548,600199,金种子酒,破底翻,破底翻,7.24,2.84,6.36,6.11,3.9,13.8,36.0,15.7,60.3,6.6,1.52,7.08,7.54,6.17,8.59,1.26,60.0,破底翻,1,75.0,4919,4583,True,,,,,,,,,
549,002229,鸿博股份,破底翻,破底翻,12.29,10.03,9.81,9.09,7.3,25.3,27.0,19.1,61.0,27.6,1.93,11.2,11.56,9.52,15.19,1.05,60.0,破底翻,1,75.0,4919,4583,True,,,,,,,,,
550,002965,祥鑫科技,破底翻,守住前低,30.7,-2.14,29.16,,,5.3,4.0,46.9,55.1,21.5,0.81,30.66,31.35,28.29,57.86,11.27,60.0,破底翻,1,60.0,4919,4583,False,,,,,,,,,
551,605399,晨光新材,破底翻,守住前低,11.17,1.73,10.51,,,6.3,5.0,25.7,42.6,21.5,1.19,10.88,10.78,10.19,15.03,3.94,60.0,破底翻,1,60.0,4919,4583,False,,,,,,,,,
552,002560,通达股份,破底翻,守住前低,6.13,-0.49,5.84,,,5.0,5.0,31.7,62.8,25.2,0.71,6.09,6.31,5.66,8.97,6.04,60.0,破底翻,1,60.0,4919,4583,False,,,,,,,,,
553,603713,密尔克卫,碗口反弹,,64.51,,,,,,,,23.2,,,,,61.45,83.97,6.36,59.9,碗口反弹,1,59.9,4919,4583,False,靠近多空线,16.1,65.36,64.56,1.24,2.46,16.0,7.8,1.97
554,000908,石药景峰,碗口反弹,,6.52,,,,,,,,31.2,,,,,6.2,7.84,4.13,59.5,碗口反弹,1,59.5,4919,4583,False,靠近多空线,14.7,6.72,6.65,1.0,2.55,16.0,11.3,1.87
555,002550,千红制药,碗口反弹,,6.74,,,,,,,,47.1,,,,,6.45,7.73,3.41,59.3,碗口反弹,1,59.3,4919,4583,False,靠近多空线,18.1,6.87,6.81,0.86,2.61,11.0,12.8,2.28
556,603291,联合水务,破底翻,破底翻,8.93,-0.67,8.26,7.72,6.5,8.1,23.0,15.3,44.5,5.8,0.94,9.02,9.02,8.01,10.54,1.75,59.2,破底翻,1,74.0,4919,4583,True,,,,,,,,,
557,300691,联合光电,破底翻,破底翻,14.92,-1.97,13.71,11.78,14.1,8.8,18.0,16.3,40.7,13.2,0.98,14.8,14.05,13.3,17.82,1.79,59.2,破底翻,1,74.0,4919,4583,True,,,,,,,,,
558,001298,好上好,破底翻,守住前低,17.8,-1.49,15.12,,,17.7,28.0,19.7,58.2,5.5,1.65,17.71,17.55,14.67,22.18,1.4,59.2,破底翻,1,74.0,4919,4583,True,,,,,,,,,
559,301107,瑜欣电子,破底翻,破底翻,23.23,-1.73,18.71,16.09,14.0,24.2,19.0,15.1,44.4,16.8,0.85,22.31,20.53,18.15,27.37,0.81,59.2,破底翻,1,74.0,4919,4583,True,,,,,,,,,
560,301106,骏成科技,破底翻,破底翻,19.74,-2.9,17.08,14.66,14.2,15.6,18.0,22.3,51.1,5.0,0.63,20.27,18.99,16.57,25.42,1.79,59.2,破底翻,1,74.0,4919,4583,True,,,,,,,,,
561,301026,浩通科技,破底翻,破底翻,21.54,0.61,19.74,16.47,16.6,9.1,18.0,15.9,48.6,7.4,0.68,21.31,21.42,19.15,25.6,1.7,59.2,破底翻,1,74.0,4919,4583,True,,,,,,,,,
562,300426,华智数媒,破底翻,破底翻,6.28,0.0,5.31,5.01,5.6,18.3,25.0,21.3,56.4,8.5,0.77,6.28,6.4,5.15,7.98,1.5,59.2,破底翻,1,74.0,4919,4583,True,,,,,,,,,
563,001311,多利科技,破底翻,破底翻,17.33,-0.35,15.73,14.23,9.5,10.2,23.0,17.9,63.1,4.4,0.99,17.47,17.49,15.26,21.1,1.82,59.2,破底翻,1,74.0,4919,4583,True,,,,,,,,,
564,301656,联合动力,破底翻,守住前低,15.11,-0.92,14.66,,,3.1,3.0,24.4,59.2,0.0,0.88,15.49,16.61,14.22,19.98,5.47,59.0,破底翻,1,59.0,4919,4583,False,,,,,,,,,
565,601882,海天精工,碗口反弹,,19.92,,,,,,,,34.1,,,,,19.18,21.97,2.77,59.0,碗口反弹,1,59.0,4919,4583,False,靠近多空线,11.9,20.12,19.99,0.65,2.79,13.0,9.3,1.69
566,000513,丽珠集团,破底翻,守住前低,26.76,1.87,25.74,,,4.0,3.0,16.2,40.4,0.6,0.77,26.34,29.36,24.97,31.92,2.88,59.0,破底翻,1,59.0,4919,4583,False,,,,,,,,,
567,601799,星宇股份,破底翻,守住前低,81.48,-0.46,81.78,,,-0.4,3.0,37.1,49.8,0.0,1.2,83.56,90.82,77.86,129.49,13.26,59.0,破底翻,1,59.0,4919,4583,False,,,,,,,,,
568,688717,艾罗能源,破底翻,守住前低,49.31,0.96,47.34,,,4.2,3.0,52.5,68.6,11.6,0.72,50.96,57.75,45.71,103.85,15.15,59.0,破底翻,1,59.0,4919,4583,False,,,,,,,,,
569,301210,金杨精密,破底翻,守住前低,24.05,-0.7,23.26,,,3.4,3.0,28.2,72.7,2.6,0.96,24.07,24.41,22.56,33.5,6.34,59.0,破底翻,1,59.0,4919,4583,False,,,,,,,,,
570,603501,豪威集团,破底翻,守住前低,82.0,-3.0,80.1,,,2.4,3.0,27.9,49.4,0.2,1.28,83.72,88.07,77.7,113.77,7.39,59.0,破底翻,1,59.0,4919,4583,False,,,,,,,,,
571,000676,智度股份,破底翻,破底翻,6.67,-0.45,5.43,5.07,6.6,22.8,33.0,19.2,48.3,25.2,1.21,6.65,7.06,5.27,8.25,1.13,58.4,破底翻,1,73.0,4919,4583,True,,,,,,,,,
572,600072,中船科技,破底翻,破底翻,8.9,0.11,8.27,8.01,3.1,7.6,30.0,16.0,50.8,5.5,1.02,8.82,8.87,8.02,10.59,1.92,58.4,破底翻,1,73.0,4919,4583,True,,,,,,,,,
573,300758,七彩化学,破底翻,破底翻,11.55,0.61,10.7,9.15,14.5,7.9,18.0,16.3,46.5,27.1,0.84,11.46,10.94,10.38,13.8,1.92,58.4,破底翻,1,73.0,4919,4583,True,,,,,,,,,
574,600178,东安动力,破底翻,破底翻,9.69,0.1,8.88,8.22,7.4,9.1,27.0,15.7,42.6,22.4,0.75,9.56,9.55,8.61,11.49,1.67,58.4,破底翻,1,73.0,4919,4583,True,,,,,,,,,
575,001332,锡装股份,破底翻,守住前低,28.1,1.26,27.23,,,3.2,3.0,43.1,62.5,23.2,0.75,28.45,30.52,26.41,49.4,12.6,58.0,破底翻,1,58.0,4919,4583,False,,,,,,,,,
576,000532,华金资本,破底翻,破底翻,11.28,-0.7,10.4,9.79,5.9,8.5,25.0,15.8,43.9,15.0,0.54,11.31,10.99,10.09,13.4,1.78,57.6,破底翻,1,72.0,4919,4583,True,,,,,,,,,
577,300904,威力传动,破底翻,破底翻,42.25,2.6,39.23,34.77,11.4,7.7,23.0,15.9,56.0,18.5,0.84,40.72,41.36,38.05,50.24,1.9,57.6,破底翻,1,72.0,4919,4583,True,,,,,,,,,
578,300911,亿田智能,破底翻,破底翻,22.19,0.23,20.4,18.13,11.1,8.8,22.0,16.8,64.8,13.2,0.67,22.15,22.46,19.79,26.66,1.86,57.6,破底翻,1,72.0,4919,4583,True,,,,,,,,,
579,001979,招商蛇口,破底翻,守住前低,7.16,-0.28,6.29,,,13.8,44.0,20.9,46.7,5.3,1.95,7.21,7.28,6.1,9.05,1.78,57.6,破底翻,1,72.0,4919,4583,True,,,,,,,,,
580,603369,今世缘,碗口反弹,,28.47,,,,,,,,53.4,,,,,27.02,30.99,1.74,57.5,碗口反弹,1,71.9,4919,4583,True,回落碗中,17.9,28.48,27.58,3.26,3.39,12.0,8.1,5.2
581,688539,高华科技,破底翻,守住前低,24.25,-0.74,24.02,,,1.0,3.0,33.7,58.8,13.5,1.16,24.72,26.27,22.7,36.6,7.97,57.0,破底翻,1,57.0,4919,4583,False,,,,,,,,,
582,301348,蓝箭电子,破底翻,守住前低,21.43,-0.97,19.86,,,7.9,3.0,34.0,46.9,17.4,1.12,21.0,20.7,19.26,32.49,5.1,57.0,破底翻,1,57.0,4919,4583,False,,,,,,,,,
583,600129,太极集团,破底翻,破底翻,14.28,-1.31,12.25,11.86,3.2,16.6,45.0,23.7,67.7,4.0,0.56,14.41,15.67,11.88,18.72,1.85,56.8,破底翻,1,71.0,4919,4583,True,,,,,,,,,
584,300932,三友联众,破底翻,破底翻,10.86,4.22,9.51,8.46,11.0,14.2,20.0,17.9,42.8,28.1,1.18,10.57,10.31,9.22,13.22,1.44,56.8,破底翻,1,71.0,4919,4583,True,,,,,,,,,
585,301025,读客文化,破底翻,破底翻,9.08,-1.3,8.39,7.4,11.8,8.2,23.0,15.9,45.2,21.9,0.84,9.2,9.1,8.14,10.8,1.83,56.8,破底翻,1,71.0,4919,4583,True,,,,,,,,,
586,300530,领湃科技,破底翻,破底翻,18.47,-1.23,16.16,14.5,10.3,14.3,25.0,17.9,65.8,26.8,0.57,19.02,19.41,15.68,22.5,1.44,56.8,破底翻,1,71.0,4919,4583,True,,,,,,,,,
587,000819,岳阳兴长,破底翻,守住前低,12.33,1.48,11.12,,,10.9,44.0,16.4,42.1,7.4,1.2,12.12,12.03,10.79,14.74,1.56,56.8,破底翻,1,71.0,4919,4583,True,,,,,,,,,
588,301211,亨迪药业,破底翻,破底翻,12.56,-3.16,10.75,9.88,8.1,16.8,20.0,16.3,51.3,23.9,0.49,12.73,12.12,10.43,15.0,1.15,56.8,破底翻,1,71.0,4919,4583,True,,,,,,,,,
589,603801,志邦家居,破底翻,破底翻,6.52,1.87,5.36,5.18,3.4,21.6,25.0,18.0,66.0,7.3,0.52,6.62,6.25,5.2,7.95,1.08,56.8,破底翻,1,71.0,4919,4583,True,,,,,,,,,
590,300779,惠城环保,破底翻,破底翻,64.36,-6.08,53.34,49.39,7.4,20.7,30.0,26.0,74.4,28.5,1.44,66.71,73.18,51.74,87.01,1.79,56.8,破底翻,1,71.0,4919,4583,True,,,,,,,,,
591,001395,亚联机械,破底翻,破底翻,29.18,0.27,24.04,23.28,3.2,21.4,43.0,24.0,57.7,8.1,0.58,28.91,29.41,23.32,38.4,1.57,56.8,破底翻,1,71.0,4919,4583,True,,,,,,,,,
592,603567,珍宝岛,破底翻,破底翻,5.82,-0.68,4.43,4.28,3.4,31.4,45.0,21.4,57.3,4.4,0.71,5.66,6.31,4.3,7.4,1.04,56.8,破底翻,1,71.0,4919,4583,True,,,,,,,,,
593,603327,福蓉科技,破底翻,破底翻,9.65,1.15,8.04,7.66,4.7,20.0,32.0,16.4,55.7,20.3,0.71,9.57,9.17,7.8,11.54,1.02,56.0,破底翻,1,70.0,4919,4583,True,,,,,,,,,
594,600877,电科芯片,破底翻,守住前低,12.19,-0.57,11.61,,,5.0,3.0,32.7,53.0,28.9,0.82,12.08,12.67,11.26,18.12,6.38,56.0,破底翻,1,56.0,4919,4583,False,,,,,,,,,
595,603816,顾家家居,破底翻,守住前低,24.38,-1.65,22.03,,,10.7,44.0,15.5,40.5,11.1,1.56,24.85,24.66,21.37,28.86,1.49,56.0,破底翻,1,70.0,4919,4583,True,,,,,,,,,
596,603131,上海沪工,破底翻,守住前低,14.68,0.96,13.82,,,6.2,3.0,25.8,58.3,20.2,1.24,14.44,15.1,13.41,19.78,4.02,56.0,破底翻,1,56.0,4919,4583,False,,,,,,,,,
597,603313,梦百合,破底翻,守住前低,6.13,1.32,4.94,,,24.1,50.0,30.2,43.1,13.2,1.57,6.09,6.11,4.79,8.78,1.98,56.0,破底翻,1,70.0,4919,4583,True,,,,,,,,,
598,300996,普联软件,破底翻,守住前低,13.88,-1.21,10.47,,,32.6,52.0,33.7,55.6,11.5,2.5,13.98,16.8,10.16,20.93,1.9,56.0,破底翻,1,70.0,4919,4583,True,,,,,,,,,
599,603983,丸美生物,破底翻,守住前低,27.95,3.06,21.2,,,31.8,49.0,21.3,50.9,26.1,1.62,26.9,28.1,20.56,35.51,1.02,55.2,破底翻,1,69.0,4919,4583,True,,,,,,,,,
600,603108,润达医疗,破底翻,守住前低,9.82,0.92,8.8,,,11.6,42.0,18.0,61.3,4.8,1.17,9.71,10.2,8.54,11.98,1.69,55.2,破底翻,1,69.0,4919,4583,True,,,,,,,,,
601,000403,派林生物,破底翻,守住前低,10.59,-0.75,8.54,,,24.0,44.0,19.5,65.4,5.6,0.38,10.7,10.73,8.28,13.15,1.11,55.2,破底翻,1,69.0,4919,4583,True,,,,,,,,,
602,000568,泸州老窖,破底翻,守住前低,78.44,1.2,73.37,,,6.9,44.0,15.4,60.3,2.4,0.99,82.67,86.91,71.17,92.74,1.97,55.2,破底翻,1,69.0,4919,4583,True,,,,,,,,,
603,002180,奔图科技,破底翻,破底翻,17.07,-1.95,13.73,13.23,3.6,24.3,46.0,17.1,48.8,10.0,0.71,17.03,17.81,13.32,20.6,0.94,55.2,破底翻,1,69.0,4919,4583,True,,,,,,,,,
604,688153,唯捷创芯,破底翻,守住前低,27.0,0.41,22.8,,,18.4,28.0,25.1,57.5,5.0,1.12,25.81,26.02,22.12,36.07,1.86,55.2,破底翻,1,69.0,4919,4583,True,,,,,,,,,
605,688111,金山办公,破底翻,守住前低,241.3,1.29,200.0,,,20.7,45.0,16.6,41.9,20.0,1.81,236.12,253.98,194.0,289.3,1.01,55.2,破底翻,1,69.0,4919,4583,True,,,,,,,,,
606,300768,迪普科技,破底翻,守住前低,14.93,1.56,13.1,,,14.0,44.0,16.0,43.8,29.0,2.41,14.59,15.77,12.71,17.77,1.28,55.2,破底翻,1,69.0,4919,4583,True,,,,,,,,,
607,688657,浩辰软件,破底翻,守住前低,32.2,0.72,25.11,,,28.2,27.0,19.7,54.9,7.9,1.29,32.26,32.97,24.36,40.09,1.01,55.2,破底翻,1,69.0,4919,4583,True,,,,,,,,,
608,688011,新光光电,碗口反弹,,79.0,,,,,,,,12.0,,,,,70.95,89.82,1.34,55.2,碗口反弹,1,69.0,4919,4583,True,靠近短期趋势线,19.7,78.37,72.39,8.25,3.38,19.0,12.0,1.93
609,600436,片仔癀,破底翻,守住前低,127.3,0.74,110.0,,,15.7,49.0,16.2,55.2,6.5,0.62,126.19,131.8,106.7,152.0,1.2,55.2,破底翻,1,69.0,4919,4583,True,,,,,,,,,
610,000661,长春高新,破底翻,守住前低,75.92,-1.45,63.92,,,18.8,54.0,16.6,46.4,6.5,0.53,77.48,80.7,62.0,91.0,1.08,55.2,破底翻,1,69.0,4919,4583,True,,,,,,,,,
611,002262,恩华药业,碗口反弹,,22.04,,,,,,,,26.5,,,,,21.11,23.38,1.44,55.1,碗口反弹,1,68.9,4919,4583,True,回落碗中,19.9,22.11,21.54,2.61,2.69,8.0,5.7,2.73
612,600939,重庆建工,破底翻,守住前低,2.64,1.15,2.39,,,10.5,49.0,15.4,45.1,24.8,1.18,2.63,2.62,2.32,3.12,1.5,54.4,破底翻,1,68.0,4919,4583,True,,,,,,,,,
613,002123,梦网科技,破底翻,破底翻,8.08,-0.37,7.4,7.16,3.2,9.2,44.0,15.1,67.9,22.4,1.35,7.94,8.3,7.18,9.52,1.6,54.4,破底翻,1,68.0,4919,4583,True,,,,,,,,,
614,002698,博实股份,破底翻,守住前低,12.26,0.0,11.18,,,9.7,54.0,15.4,43.5,14.0,0.86,12.29,12.86,10.84,14.49,1.57,53.6,破底翻,1,67.0,4919,4583,True,,,,,,,,,
615,002575,群兴玩具,破底翻,守住前低,5.31,1.72,4.5,,,18.0,37.0,19.2,61.4,19.8,1.18,5.13,5.28,4.36,6.57,1.33,53.6,破底翻,1,67.0,4919,4583,True,,,,,,,,,
616,002416,爱施德,破底翻,守住前低,9.5,1.17,8.63,,,10.1,44.0,17.2,55.6,16.6,0.89,9.4,9.67,8.37,11.48,1.75,53.6,破底翻,1,67.0,4919,4583,True,,,,,,,,,
617,603496,恒为科技,破底翻,守住前低,23.56,-1.05,21.93,,,7.4,43.0,15.4,43.8,16.3,1.07,23.76,24.97,21.27,27.86,1.88,53.6,破底翻,1,67.0,4919,4583,True,,,,,,,,,
618,600299,安迪苏,破底翻,守住前低,8.82,2.32,7.74,,,14.0,43.0,18.4,46.5,12.9,1.29,8.54,8.51,7.51,10.81,1.52,53.6,破底翻,1,67.0,4919,4583,True,,,,,,,,,
619,002044,美年健康,破底翻,守住前低,4.71,0.43,4.28,,,10.0,37.0,18.1,47.0,28.9,1.24,4.67,4.85,4.15,5.75,1.86,52.8,破底翻,1,66.0,4919,4583,True,,,,,,,,,
620,600686,金龙汽车,破底翻,守住前低,11.45,1.51,10.49,,,9.2,44.0,18.0,48.4,23.9,0.89,11.18,11.58,10.18,13.96,1.98,52.8,破底翻,1,66.0,4919,4583,True,,,,,,,,,
621,601702,华峰铝业,破底翻,守住前低,16.15,1.7,13.68,,,18.1,44.0,23.7,42.4,23.5,1.23,15.97,15.76,13.27,21.18,1.75,52.8,破底翻,1,66.0,4919,4583,True,,,,,,,,,
622,301510,固高科技,破底翻,守住前低,27.77,-1.73,23.72,,,17.1,28.0,24.3,46.9,22.9,1.42,26.77,26.77,23.01,36.68,1.87,52.8,破底翻,1,66.0,4919,4583,True,,,,,,,,,
623,003020,立方制药,破底翻,守住前低,18.65,-0.53,14.66,,,27.2,49.0,17.3,55.0,27.6,0.56,18.45,18.39,14.22,22.56,0.88,52.8,破底翻,1,66.0,4919,4583,True,,,,,,,,,
