date,value,contributions.approval,contributions.dgs10,contributions.move,contributions.sp500,contributions.vix,contributions.bkevenpy02,changeContributions.approval,changeContributions.dgs10,changeContributions.move,changeContributions.sp500,changeContributions.vix,changeContributions.bkevenpy02,levelContributions.approval,levelContributions.dgs10,levelContributions.move,levelContributions.sp500,levelContributions.vix,levelContributions.bkevenpy02,interactionAddOns.approval,interactionAddOns.dgs10,interactionAddOns.move,interactionAddOns.sp500,interactionAddOns.vix,interactionAddOns.bkevenpy02,fastStressRestoreContributions.approval,fastStressRestoreContributions.dgs10,fastStressRestoreContributions.move,fastStressRestoreContributions.sp500,fastStressRestoreContributions.vix,fastStressRestoreContributions.bkevenpy02
2025-03-26,2.1,1.66,1.42,-0.1,1.44,-0.07,-2.21,1.33,0.99,-0.06,1.32,-0.03,-1.65,0.33,0.43,-0.04,0.11,-0.04,-0.56,0,0,0,0,0,0,0,0.45,0,0,0,0
2025-03-27,4.1,2.24,2.91,-0.14,1.53,-0.08,-2.31,1.46,2.42,-0.09,1.39,-0.04,-1.73,0.78,0.49,-0.05,0.15,-0.04,-0.58,0,0,0,0,0,0,0,0,0,0,0,0
2025-03-28,2.2,2.29,-0.65,-0.04,2.79,0.13,-2.35,1.53,-0.37,-0.04,2.21,0.1,-1.78,0.76,-0.28,0.01,0.57,0.03,-0.57,0,0,0,0,0,0,0,0,0,0,0.08,0
2025-03-31,1.5,2.52,-1.38,0.03,2.22,0.3,-2.21,1.58,-0.77,-0.01,1.71,0.23,-1.76,0.94,-0.62,0.04,0.5,0.07,-0.45,0,0,0,0,0,0,0,0,0,0,0.22,0
2025-04-01,0,2.61,-2.34,0.1,1.89,0.02,-2.32,1.67,-1.56,0,1.5,-0.02,-1.88,0.94,-0.78,0.1,0.39,0.05,-0.44,0,0,0,0,0,0,0,0,0,0,0,0
2025-04-02,0.5,2.75,-1.64,0.35,1.16,-0.03,-2.06,1.7,-0.89,0.22,0.95,-0.04,-1.79,1.04,-0.75,0.13,0.21,0.01,-0.26,0,0,0,0,0,0,0,0,0.21,0,0,0
2025-04-03,3.1,2.74,-3.19,0.45,3.83,0.71,-1.47,1.69,-2.32,0.3,3.05,0.53,-1.34,1.05,-0.87,0.15,0.79,0.17,-0.13,0,0,0,0.19,0,0,0,0,0.18,0,0.31,0
2025-04-04,3.1,2.62,-3.95,0.73,3.76,0.79,-0.85,1.65,-3.09,0.56,2.98,0.62,-0.85,0.97,-0.86,0.17,0.78,0.17,0,0,0,0,0.2,0,0,0,0,0.17,0,0,0
2025-04-07,5,2.63,-2.43,0.79,3.78,0.79,-0.57,1.65,-1.67,0.62,2.99,0.62,-0.6,0.98,-0.77,0.17,0.78,0.17,0.02,0,0,0,0.22,0,0,0,0,0,0,0,0
2025-04-08,7.3,2.79,-0.46,0.82,3.92,0.82,-0.56,1.7,-0.29,0.64,3.1,0.64,-0.47,1.09,-0.16,0.18,0.82,0.18,-0.1,0,0,0,0.24,0,0,0,0,0,0,0,0
2025-04-09,10.2,2.87,1.97,0.7,2.23,0.6,1.81,1.74,1.38,0.53,1.57,0.45,1.69,1.13,0.59,0.17,0.65,0.16,0.12,0,0,0,0,0,0,0,0.67,0,0,0.14,1.57
2025-04-10,13.5,2.87,3.45,0.65,3.69,0.74,2.1,1.73,2.69,0.5,2.98,0.59,1.86,1.14,0.76,0.16,0.71,0.16,0.24,0,0.01,0,0.05,0,0,0,1.15,0,0,0,1.25
2025-04-11,14,2.9,4.06,0.84,2.97,0.69,2.56,1.78,3.19,0.67,2.27,0.53,2.2,1.12,0.88,0.18,0.7,0.15,0.36,0,0.16,0,0,0,0,0,0.73,0,0,0,1.15
2025-04-14,12,2.96,2.73,0.74,2.58,0.45,2.51,1.77,2.08,0.57,1.97,0.32,2.09,1.19,0.65,0.17,0.61,0.14,0.42,0,0,0,0,0,0,0,1.11,0,0,0,0.76
2025-04-15,10.1,2.66,1.35,0.55,2.8,0.46,2.24,1.73,0.8,0.42,2.2,0.34,1.77,0.93,0.55,0.12,0.61,0.12,0.47,0,0,0,0,0,0,0,0.22,0,0,0,0.31
2025-04-16,9.6,2.66,-0.02,0.54,3.66,0.65,2.08,1.72,-0.04,0.42,2.96,0.51,1.6,0.94,0.02,0.12,0.7,0.14,0.48,0,0,0,0.05,0,0,0,0,0,0,0,0.09
2025-04-17,10.5,2.9,0.83,0.48,3.64,0.51,2.16,1.75,0.37,0.37,2.96,0.41,1.65,1.15,0.47,0.11,0.68,0.1,0.51,0,0,0,0,0,0,0,0,0,0,0,0
2025-04-21,12.3,2.69,1.91,0.78,3.74,0.75,2.42,1.69,1.1,0.63,2.99,0.6,1.83,1,0.81,0.15,0.75,0.15,0.58,0,0.06,0,0.14,0,0,0,0,0,0,0,0
2025-04-22,11.7,2.94,1.69,0.56,3.54,0.57,2.43,1.73,0.92,0.45,2.93,0.46,1.82,1.21,0.77,0.11,0.61,0.12,0.61,0,0.01,0,0,0,0,0,0,0,0,0,0
2025-04-23,11.4,3.21,1.78,0.58,3.22,0.49,2.17,1.89,1.02,0.47,2.63,0.4,1.81,1.33,0.75,0.11,0.59,0.09,0.36,0,0,0,0,0,0,0,0,0,0,0,0
2025-04-24,9.3,3.47,0.73,0.33,2.29,0.41,2.05,2.03,0.44,0.28,1.88,0.34,1.69,1.44,0.29,0.05,0.41,0.07,0.36,0,0,0,0,0,0,0,0,0,0,0,0
2025-04-25,7.6,3.48,0.24,0.19,1.55,0.26,1.9,2.03,0.34,0.17,1.22,0.2,1.57,1.45,-0.1,0.02,0.33,0.05,0.33,0,0,0,0,0,0,0,0,0,0,0,0
2025-04-28,5.8,3.46,-0.8,0.27,0.96,0.16,1.74,2.01,-0.03,0.2,0.66,0.1,1.44,1.44,-0.77,0.08,0.3,0.07,0.3,0,0,0,0,0,0,0,0,0,0,0,0
2025-04-29,4.2,3.52,-1.25,0.25,0.11,-0.01,1.56,2.04,-0.28,0.15,-0.17,-0.03,1.33,1.48,-0.97,0.09,0.28,0.02,0.23,0,0,0,0,0,0,0,0,0,0,0,0
2025-04-30,3,3.58,-1.48,0.18,-0.76,-0.03,1.48,2.15,-0.41,0.07,-1.03,-0.08,1.26,1.43,-1.06,0.1,0.26,0.05,0.22,0,0,0,0,0,0,0,0,0,0,0,0
2025-05-01,2.9,3.65,-0.25,-0.02,-1.63,-0.06,1.27,2.22,0.27,-0.05,-1.73,-0.1,1.12,1.43,-0.51,0.03,0.1,0.03,0.15,0,0,0,0,0,0,0,0,0,0,0,0
2025-05-02,2.1,3.63,1.43,-0.19,-3.42,-0.16,0.84,2.24,0.92,-0.15,-3,-0.15,0.87,1.39,0.51,-0.04,-0.41,-0.01,-0.02,0,0,0,0,0,0,0,0,0,0,0,0
2025-05-05,3.5,3.61,2.54,-0.18,-3.04,-0.14,0.68,2.3,1.72,-0.16,-2.89,-0.15,0.73,1.31,0.82,-0.02,-0.15,0.01,-0.05,0,0,0,0,0,0,0,0.66,0,0,0,0
2025-05-06,2.3,3.74,0.8,-0.16,-2.39,-0.08,0.4,2.37,0.69,-0.17,-2.52,-0.15,0.53,1.37,0.11,0.02,0.13,0.07,-0.13,0,0,0,0,0,0,0,0.22,0,0,0,0
2025-05-07,1.1,3.65,-0.11,-0.3,-2.8,-0.17,0.86,2.35,0.35,-0.25,-2.75,-0.17,0.62,1.3,-0.46,-0.05,-0.05,0,0.24,0,0,0,0,0,0,0,0.3,0,0,0,0
2025-05-08,3.2,3.55,2.38,-0.33,-3.56,-0.2,1.4,2.36,1.49,-0.27,-3.3,-0.18,0.65,1.19,0.89,-0.06,-0.27,-0.02,0.75,0,0,0,0,0,0,0,0.62,0,0,0,0
2025-05-09,3.6,3.41,1.8,-0.3,-3.65,-0.21,2.56,2.29,0.95,-0.25,-3.46,-0.18,1.26,1.11,0.85,-0.05,-0.19,-0.04,1.3,0,0,0,0,0,0,0,0.22,0,0,0,0.68
2025-05-12,3.3,3.15,3.91,-0.24,-4.63,-0.32,1.48,2.23,2.65,-0.21,-3.76,-0.21,0.75,0.92,1.26,-0.03,-0.87,-0.11,0.73,0,0.17,0,0,0,0,0,1.4,0,0,0,0.35
2025-05-13,1.7,2.92,3.51,-0.27,-4.71,-0.32,0.62,2.04,2.2,-0.22,-3.74,-0.2,0.44,0.88,1.31,-0.05,-0.96,-0.12,0.18,0,0.2,0,0,0,0,0,0.88,0,0,0,0.26
2025-05-14,0.6,2.02,3.75,-0.24,-4.69,-0.28,0,1.19,2.37,-0.2,-3.72,-0.17,-0.02,0.83,1.39,-0.04,-0.97,-0.1,0.02,0,0.27,0,0,0,0,0,0.88,0,0,0,0
2025-05-15,-1.7,1.67,2.12,-0.26,-4.62,-0.28,-0.36,0.83,0.98,-0.19,-3.66,-0.16,-0.19,0.83,1.14,-0.06,-0.96,-0.12,-0.17,0,0.06,0,0,0,0,0,0.39,0,0,0,0
2025-05-16,-3.3,0.79,1.83,-0.26,-4.73,-0.29,-0.6,0.05,0.76,-0.19,-3.64,-0.17,-0.34,0.74,1.07,-0.08,-1.09,-0.13,-0.27,0,0.03,0,0,0,0,0,0.27,0,0,0,0
2025-05-19,-4.2,-0.29,2.21,-0.14,-4.88,-0.27,-0.8,-0.9,1,-0.12,-3.75,-0.16,-0.47,0.61,1.21,-0.01,-1.13,-0.12,-0.33,0,0.11,0,0,0,0,0,0,0,0,0,0
2025-05-20,-5.4,-2.07,2.78,-0.15,-4.78,-0.27,-0.94,-2.27,1.51,-0.13,-3.83,-0.15,-0.54,0.2,1.26,-0.03,-0.95,-0.12,-0.4,0,0.19,0,0,0,0,0,0,0,0,0,0
2025-05-21,-2.8,-2.06,4.4,-0.12,-3.81,-0.15,-1.01,-2.29,2.91,-0.11,-3.1,-0.1,-0.59,0.22,1.49,-0.02,-0.71,-0.05,-0.42,0,0.59,0,0,0,0,0,0,0,0,0,0
2025-05-22,-2.7,-2.01,4.13,-0.18,-3.42,-0.16,-1.03,-2.31,2.66,-0.12,-2.81,-0.11,-0.59,0.31,1.47,-0.06,-0.61,-0.05,-0.44,0,0.5,0,0,0,0,0,0,0,0,0,0
2025-05-23,-2.2,-1.84,3.55,-0.13,-2.66,-0.07,-1.04,-2.28,2.24,-0.09,-2.09,-0.07,-0.59,0.44,1.32,-0.04,-0.57,0,-0.45,0,0.32,0,0,0,0,0,0,0,0,0,0
2025-05-27,-4.9,-2.09,2.1,-0.18,-3.48,-0.19,-1.04,-2.28,1.15,-0.1,-2.53,-0.1,-0.57,0.19,0.94,-0.07,-0.95,-0.09,-0.46,0,0,0,0,0,0,0,0,0,0,0,0
2025-05-28,-3.5,-2.15,2.81,-0.24,-2.84,-0.16,-0.96,-2.26,1.71,-0.12,-2.01,-0.09,-0.53,0.11,1.1,-0.12,-0.83,-0.07,-0.43,0,0.1,0,0,0,0,0,0,0,0,0,0
2025-05-29,-3.7,-1.9,2.27,-0.23,-2.76,-0.15,-0.91,-2.24,1.39,-0.11,-1.89,-0.08,-0.5,0.34,0.88,-0.12,-0.87,-0.08,-0.41,0,0,0,0,0,0,0,0,0,0,0,0
2025-05-30,-3.4,-1.47,2.03,-0.22,-2.62,-0.18,-0.93,-2.31,1.31,-0.1,-1.75,-0.08,-0.53,0.85,0.73,-0.12,-0.87,-0.1,-0.4,0,0,0,0,0,0,0,0,0,0,0,0
2025-06-02,-3.3,-2.15,3.14,-0.17,-2.81,-0.19,-1.12,-2.4,2.01,-0.07,-1.78,-0.08,-0.57,0.24,1.13,-0.1,-1.04,-0.11,-0.55,0,0.08,0,0,0,0,0,0,0,0,0,0
2025-06-03,-3.3,-2.47,2.97,-0.08,-2.99,-0.22,-0.53,-2.37,1.86,-0.04,-1.72,-0.09,-0.45,-0.11,1.1,-0.04,-1.27,-0.14,-0.08,0,0.07,0,0,0,0,0,0,0,0,0,0
2025-06-04,-4.9,-2.45,0.88,-0.12,-2.72,-0.21,-0.3,-2.32,0.52,-0.05,-1.47,-0.08,-0.32,-0.13,0.36,-0.07,-1.25,-0.13,0.02,0,0,0,0,0,0,0,0,0,0,0,0
2025-06-05,-3.8,-2.43,1.12,-0.17,-2.07,-0.15,-0.05,-2.32,0.54,-0.06,-1.12,-0.06,-0.2,-0.1,0.57,-0.11,-0.95,-0.09,0.15,0,0,0,0,0,0,0,0,0,0,0,0
2025-06-06,-2,-2.49,3.24,-0.24,-2.53,-0.23,0.22,-2.32,1.86,-0.09,-1.23,-0.08,-0.1,-0.18,1.38,-0.14,-1.3,-0.15,0.32,0,0.29,0,0,0,0,0,0,0,0,0,0
2025-06-09,-2.8,-2.13,2.4,-0.17,-2.26,-0.19,-0.4,-2.18,1.22,-0.06,-1.03,-0.06,-0.3,0.05,1.19,-0.11,-1.23,-0.13,-0.11,0,0.14,0,0,0,0,0,0,0,0,0,0
2025-06-10,-3.8,-2.22,1.81,-0.19,-2.21,-0.19,-0.8,-2.06,0.81,-0.07,-0.99,-0.06,-0.45,-0.16,1,-0.12,-1.22,-0.13,-0.35,0,0.04,0,0,0,0,0,0.06,0,0,0,0
2025-06-11,-4.1,-1.18,0.45,-0.21,-1.93,-0.16,-1.11,-1.31,-0.08,-0.08,-0.78,-0.04,-0.57,0.13,0.54,-0.13,-1.16,-0.11,-0.55,0,0,0,0,0,0,0,0,0,0,0,0
2025-06-12,-3.8,0.48,-0.75,-0.2,-1.88,-0.12,-1.35,-0.42,-0.89,-0.08,-0.71,-0.03,-0.74,0.89,0.14,-0.13,-1.17,-0.1,-0.61,0,0,0,0,0,0,0,0,0,0,0,0
2025-06-13,-2.8,0.05,-0.07,-0.11,-1.36,0.25,-1.58,-0.49,-0.61,-0.04,-0.4,0.26,-0.93,0.54,0.53,-0.07,-0.96,-0.01,-0.65,0,0,0,0,0,0,0,0,0,0,0.21,0
2025-06-16,-0.6,2.27,0.68,-0.14,-1.67,-0.05,-1.69,1.21,-0.22,-0.05,-0.54,0,-1.02,1.05,0.89,-0.09,-1.13,-0.05,-0.67,0,0,0,0,0,0,0.79,0,0,0,0,0
2025-06-17,-0.2,3.25,-0.71,-0.07,-1.22,0.3,-1.7,1.82,-1.01,-0.02,-0.28,0.3,-1.03,1.42,0.31,-0.04,-0.95,0,-0.67,0,0,0,0,0,0,0.58,0,0,0,0.2,0
2025-06-18,-1.9,1.94,-0.81,-0.13,-1.17,0.13,-1.81,1,-1.07,-0.05,-0.26,0.15,-1.01,0.94,0.25,-0.08,-0.92,-0.02,-0.8,0,0,0,0,0,0,0.47,0,0,0,0.11,0
2025-06-20,-2.6,1.02,-0.72,-0.19,-1.02,0.14,-1.81,0.19,-0.97,-0.07,-0.21,0.16,-1.01,0.83,0.25,-0.12,-0.8,-0.01,-0.8,0,0,0,0,0,0,0,0,0,0,0.1,0
2025-06-23,-3.4,1.38,-1.31,-0.1,-1.48,0,-1.9,0.5,-1.21,-0.03,-0.38,0.03,-1.09,0.88,-0.1,-0.07,-1.11,-0.03,-0.81,0,0,0,0,0,0,0.01,0,0,0,0,0
2025-06-24,-3.6,2.16,-1.89,-0.14,-1.74,-0.14,-1.89,1.01,-1.47,-0.04,-0.56,-0.03,-1.11,1.15,-0.42,-0.09,-1.18,-0.11,-0.78,0,0,0,0,0,0,0,0,0,0,0,0
2025-06-25,-3.4,2.16,-2.06,-0.17,-1.73,-0.18,-1.43,1.07,-1.52,-0.06,-0.56,-0.05,-0.87,1.09,-0.54,-0.11,-1.16,-0.13,-0.56,0,0,0,0,0,0,0,0,0,0,0,0
2025-06-26,-3.5,2.27,-2.44,-0.2,-1.93,-0.18,-1.05,1.16,-1.65,-0.07,-0.7,-0.05,-0.6,1.1,-0.79,-0.12,-1.23,-0.13,-0.46,0,0,0,0,0,0,0,0,0,0,0,0
2025-06-27,-3.4,1.61,-1.84,-0.22,-2.01,-0.19,-0.79,0.81,-1.33,-0.09,-0.79,-0.06,-0.42,0.8,-0.51,-0.13,-1.22,-0.13,-0.38,0,0,0,0,0,0,0,0,0,0,0,0
2025-06-30,-4.2,1.19,-2.57,-0.16,-1.97,-0.16,-0.52,0.51,-1.62,-0.06,-0.79,-0.04,-0.23,0.68,-0.95,-0.11,-1.18,-0.12,-0.29,0,0,0,0,0,0,0,0,0,0,0,0
2025-07-01,-3.3,1.39,-2.07,-0.08,-1.79,-0.15,-0.59,0.69,-1.36,-0.02,-0.73,-0.04,-0.29,0.7,-0.71,-0.07,-1.06,-0.11,-0.29,0,0,0,0,0,0,0,0,0,0,0,0
2025-07-02,-2.2,1.91,-1.3,-0.12,-1.86,-0.15,-0.71,1.01,-1.01,-0.03,-0.75,-0.03,-0.41,0.89,-0.29,-0.09,-1.1,-0.12,-0.3,0,0,0,0,0,0,0,0,0,0,0,0
2025-07-03,-1.5,1.98,-0.52,-0.19,-1.94,-0.15,-0.7,1.06,-0.61,-0.07,-0.87,-0.03,-0.4,0.92,0.09,-0.12,-1.07,-0.12,-0.3,0,0,0,0,0,0,0,0,0,0,0,0
2025-07-07,-0.3,1.95,0.23,-0.15,-1.57,-0.07,-0.72,1.04,-0.21,-0.04,-0.66,0,-0.37,0.9,0.44,-0.11,-0.91,-0.07,-0.35,0,0,0,0,0,0,0,0,0,0,0,0
2025-07-08,0,1.99,0.56,-0.16,-1.49,-0.12,-0.72,1.04,-0.07,-0.05,-0.64,-0.02,-0.36,0.94,0.63,-0.11,-0.85,-0.1,-0.36,0,0,0,0,0,0,0,0,0,0,0,0
2025-07-09,-1,1.96,-0.63,-0.21,-1.66,-0.16,-0.33,1.01,-0.61,-0.09,-0.72,-0.04,-0.12,0.95,-0.03,-0.12,-0.94,-0.12,-0.21,0,0,0,0,0,0,0,0,0,0,0,0
2025-07-10,-0.6,1.84,-0.43,-0.23,-1.75,-0.17,0.19,0.91,-0.51,-0.11,-0.73,-0.05,0.26,0.93,0.07,-0.12,-1.02,-0.11,-0.08,0,0,0,0,0,0,0,0,0,0,0,0.2
2025-07-11,1.3,1.54,1.3,-0.18,-1.51,-0.15,0.27,0.71,0.63,-0.07,-0.66,-0.04,0.32,0.82,0.67,-0.11,-0.85,-0.1,-0.04,0,0,0,0,0,0,0,0.58,0,0,0,0.12
2025-07-14,2,2.05,1.56,-0.09,-1.52,-0.11,0.12,0.87,0.9,-0.02,-0.66,-0.03,0.29,1.18,0.66,-0.08,-0.86,-0.07,-0.18,0,0,0,0,0,0,0,0.86,0,0,0,0
2025-07-15,3.2,2.1,2.38,-0.12,-1.34,-0.1,0.24,0.91,1.4,-0.03,-0.57,-0.03,0.42,1.19,0.98,-0.09,-0.77,-0.07,-0.18,0,0.11,0,0,0,0,0,0.77,0,0,0,0
2025-07-16,2.3,2.22,1.3,-0.11,-1.4,-0.11,0.42,1,0.53,-0.03,-0.59,-0.04,0.59,1.22,0.77,-0.08,-0.81,-0.08,-0.17,0,0.03,0,0,0,0,0,0.11,0,0,0,0
2025-07-17,2.5,2.39,1.5,-0.17,-1.59,-0.15,0.54,1.13,0.66,-0.07,-0.64,-0.05,0.7,1.27,0.84,-0.1,-0.95,-0.1,-0.16,0,0.07,0,0,0,0,0,0,0,0,0,0
2025-07-18,2.1,2.19,1.18,-0.2,-1.52,-0.15,0.63,0.96,0.53,-0.09,-0.64,-0.05,0.76,1.23,0.65,-0.11,-0.88,-0.1,-0.13,0,0,0,0,0,0,0,0,0,0,0,0
2025-07-21,1.8,2.64,0.39,-0.15,-1.59,-0.14,0.69,1.3,0.2,-0.05,-0.65,-0.05,0.75,1.34,0.19,-0.09,-0.94,-0.09,-0.06,0,0,0,0,0,0,0,0,0,0,0,0
2025-07-22,1.8,2.88,0.06,-0.1,-1.56,-0.15,0.71,1.54,0.07,-0.02,-0.64,-0.05,0.7,1.34,-0.01,-0.07,-0.93,-0.09,0.01,0,0,0,0,0,0,0,0,0,0,0,0
2025-07-23,2.1,2.5,0.83,-0.16,-1.59,-0.18,0.66,1.26,0.51,-0.06,-0.69,-0.07,0.64,1.24,0.32,-0.1,-0.9,-0.11,0.02,0,0,0,0,0,0,0,0,0,0,0,0
2025-07-24,2.6,2.47,1.39,-0.2,-1.53,-0.17,0.61,1.26,0.82,-0.09,-0.65,-0.07,0.58,1.2,0.57,-0.11,-0.88,-0.1,0.03,0,0,0,0,0,0,0,0,0,0,0,0
2025-07-25,1.3,1.68,0.92,-0.19,-1.48,-0.17,0.54,0.69,0.62,-0.09,-0.62,-0.07,0.5,0.99,0.3,-0.1,-0.86,-0.11,0.04,0,0,0,0,0,0,0,0,0,0,0,0
2025-07-28,1.2,1.6,1.25,-0.17,-1.44,-0.17,0.12,0.63,0.78,-0.07,-0.58,-0.06,0.37,0.97,0.47,-0.1,-0.85,-0.1,-0.25,0,0,0,0,0,0,0,0,0,0,0,0
2025-07-29,0.4,1.76,0.04,-0.15,-1.1,-0.12,-0.03,0.72,0.19,-0.05,-0.48,-0.03,0.26,1.04,-0.14,-0.09,-0.62,-0.09,-0.29,0,0,0,0,0,0,0,0,0,0,0,0
2025-07-30,1,1.78,0.61,-0.18,-0.99,-0.13,-0.05,0.75,0.46,-0.08,-0.41,-0.03,0.21,1.02,0.15,-0.1,-0.58,-0.09,-0.26,0,0,0,0,0,0,0,0,0,0,0,0
2025-07-31,1.3,1.92,0.43,-0.19,-0.84,0.02,-0.08,0.85,0.37,-0.09,-0.32,0.08,0.15,1.07,0.06,-0.1,-0.52,-0.07,-0.23,0,0,0,0,0,0,0,0,0,0,0.08,0
2025-08-01,0.2,1.75,-1.55,-0.13,-0.35,0.43,0.07,0.77,-0.72,-0.04,-0.03,0.4,0.15,0.98,-0.84,-0.09,-0.32,0.03,-0.07,0,0,0,0,0,0,0,0,0,0,0.19,0
2025-08-04,-1.3,1.61,-1.78,-0.07,-0.72,0.13,-0.5,0.66,-0.89,0,-0.25,0.17,-0.1,0.95,-0.88,-0.07,-0.46,-0.04,-0.4,0,0,0,0,0,0,0,0,0,0,0.12,0
2025-08-05,-1.1,1.93,-1.9,0.11,-0.61,0.09,-0.71,0.84,-1.02,0.17,-0.16,0.12,-0.26,1.09,-0.88,-0.06,-0.45,-0.03,-0.45,0,0,0,0,0,0,0,0,0.14,0,0.06,0
2025-08-06,-1.7,1.74,-2.02,-0.14,-0.84,0.01,-0.49,0.71,-1.14,-0.05,-0.28,0.08,-0.12,1.03,-0.88,-0.09,-0.56,-0.06,-0.38,0,0,0,0,0,0,0,0,0,0,0.08,0
2025-08-07,-1.7,1.39,-1.97,-0.18,-0.78,-0.08,-0.05,0.46,-1.18,-0.08,-0.24,0,0.11,0.94,-0.79,-0.1,-0.54,-0.08,-0.15,0,0,0,0,0,0,0,0,0,0,0,0.05
2025-08-08,-0.9,1.39,-1.48,-0.19,-1.1,-0.14,0.66,0.43,-0.95,-0.08,-0.37,-0.04,0.41,0.96,-0.53,-0.1,-0.73,-0.1,0.26,0,0,0,0,0,0,0,0,0,0,0,0.17
2025-08-11,-0.3,0.99,-1.48,-0.15,-0.95,-0.1,1.37,0.18,-0.95,-0.06,-0.29,-0.01,1.01,0.81,-0.53,-0.1,-0.66,-0.09,0.36,0,0,0,0,0,0,0,0,0,0,0,0.58
2025-08-12,0.1,0.96,-1.19,-0.21,-1.32,-0.16,2.03,0.09,-0.79,-0.11,-0.47,-0.05,1.54,0.87,-0.4,-0.11,-0.85,-0.11,0.49,0,0,0,0,0,0,0,0,0,0,0,0.91
2025-08-13,-0.7,0.77,-1.81,-0.22,-1.37,-0.16,2.12,-0.03,-1.07,-0.11,-0.52,-0.06,1.56,0.81,-0.74,-0.11,-0.84,-0.11,0.56,0,0,0,0,0,0,0,0,0,0,0,0.77
2025-08-14,0.9,1.47,-1.21,-0.24,-1.42,-0.15,2.44,0.31,-0.82,-0.13,-0.57,-0.05,1.75,1.16,-0.39,-0.11,-0.85,-0.1,0.68,0,0,0,0,0,0,0.08,0,0,0,0,0.84
2025-08-15,1.7,1.37,-0.73,-0.24,-1.09,-0.14,2.53,0.21,-0.61,-0.13,-0.49,-0.04,1.66,1.16,-0.12,-0.11,-0.6,-0.1,0.87,0,0,0,0,0,0,0.05,0,0,0,0,0.62
2025-08-18,0.8,0.23,-0.59,-0.15,-1.02,-0.14,2.44,-0.42,-0.54,-0.06,-0.45,-0.04,1.46,0.65,-0.05,-0.09,-0.57,-0.1,0.98,0,0,0,0,0,0,0,0,0,0,0,0.35
2025-08-19,0.8,0.53,-1.05,-0.14,-0.66,-0.11,2.21,-0.24,-0.76,-0.05,-0.28,-0.02,1.22,0.77,-0.29,-0.09,-0.39,-0.09,0.98,0,0,0,0,0,0,0,0,0,0,0,0.04
2025-08-20,0.6,0.43,-1.18,-0.16,-0.54,-0.09,2.19,-0.31,-0.77,-0.06,-0.18,-0.01,1.2,0.73,-0.41,-0.1,-0.36,-0.09,0.99,0,0,0,0,0,0,0,0,0,0,0,0
2025-08-21,2,0.86,-0.57,-0.15,-0.42,0.07,2.23,-0.11,-0.45,-0.05,-0.08,0.13,1.24,0.97,-0.11,-0.1,-0.34,-0.06,1,0,0,0,0,0,0,0,0,0,0,0.08,0
2025-08-22,0,0.68,-1.41,-0.19,-1.13,-0.18,2.27,-0.19,-0.77,-0.09,-0.41,-0.07,1.27,0.87,-0.64,-0.1,-0.72,-0.11,1,0,0,0,0,0,0,0,0,0,0,0,0
2025-08-25,0.3,0.26,-1.02,-0.2,-0.84,-0.16,2.28,-0.37,-0.51,-0.1,-0.32,-0.05,1.29,0.63,-0.51,-0.1,-0.52,-0.11,1,0,0,0,0,0,0,0,0,0,0,0,0
2025-08-26,0.4,0.76,-1.19,-0.18,-1.12,-0.17,2.31,-0.14,-0.55,-0.08,-0.41,-0.06,1.32,0.9,-0.64,-0.1,-0.71,-0.11,1,0,0,0,0,0,0,0,0,0,0,0,0
2025-08-27,0.2,0.94,-1.39,-0.2,-1.33,-0.15,2.35,-0.02,-0.61,-0.1,-0.45,-0.05,1.35,0.96,-0.78,-0.1,-0.87,-0.1,0.99,0,0,0,0,0,0,0,0,0,0,0,0
2025-08-28,0.2,1.21,-1.57,-0.19,-1.39,-0.18,2.37,0.18,-0.64,-0.09,-0.53,-0.07,1.37,1.02,-0.93,-0.1,-0.86,-0.11,0.99,0,0,0,0,0,0,0.15,0,0,0,0,0
2025-08-29,0.4,0.47,-1.31,-0.15,-0.84,-0.13,2.34,-0.16,-0.48,-0.06,-0.38,-0.04,1.36,0.62,-0.83,-0.09,-0.45,-0.09,0.99,0,0,0,0,0,0,0,0,0,0,0,0
2025-09-02,1.9,0.29,-0.51,0.21,-0.54,0.14,2.31,-0.25,-0.06,0.28,-0.24,0.17,1.31,0.54,-0.46,-0.06,-0.3,-0.03,1,0,0,0,0,0,0,0,0,0.22,0,0.14,0
2025-09-03,1.1,0.42,-1.31,0.39,-0.73,-0.08,2.41,-0.19,-0.39,0.42,-0.34,-0.01,1.41,0.62,-0.92,-0.03,-0.39,-0.07,0.99,0,0,0,0,0,0,0,0,0.21,0,0,0
2025-09-04,-0.5,-0.08,-1.7,0.29,-1.35,-0.13,2.45,-0.41,-0.68,0.34,-0.49,-0.05,1.46,0.33,-1.02,-0.05,-0.86,-0.09,0.99,0,0,0,0,0,0,0,0,0.15,0,0,0
2025-09-05,-0.9,-0.17,-2.17,0.11,-0.94,-0.14,2.42,-0.43,-1.11,0.17,-0.41,-0.05,1.43,0.26,-1.07,-0.06,-0.53,-0.09,0.99,0,0,0,0,0,0,0,0,0.06,0,0,0
2025-09-08,-1.2,0.12,-2.5,0.1,-1.09,-0.14,2.32,-0.33,-1.42,0.17,-0.44,-0.05,1.34,0.46,-1.08,-0.07,-0.65,-0.09,0.99,0,0,0,0,0,0,0,0,0.09,0,0,0
2025-09-09,-1.5,0.3,-2.36,-0.04,-1.31,-0.13,2.03,-0.23,-1.3,0.03,-0.45,-0.03,1.08,0.52,-1.06,-0.08,-0.86,-0.09,0.95,0,0,0,0,0,0,0,0,0,0,0,0
2025-09-10,-2,0.38,-2.71,-0.11,-1.36,-0.1,1.86,-0.21,-1.63,-0.01,-0.51,-0.01,0.93,0.59,-1.09,-0.09,-0.85,-0.08,0.94,0,0,0,0,0,0,0,0,0,0,0,0
2025-09-11,-2.4,0.41,-2.92,-0.18,-1.53,-0.14,1.95,-0.18,-1.83,-0.07,-0.69,-0.03,0.96,0.59,-1.09,-0.11,-0.84,-0.1,0.99,0,0,0,0,0,0,0,0,0,0,0,0
2025-09-12,-2.1,0.09,-2.55,-0.2,-1.3,-0.13,2.02,-0.28,-1.51,-0.09,-0.67,-0.03,1.03,0.37,-1.03,-0.11,-0.63,-0.1,0.99,0,0,0,0,0,0,0,0,0,0,0,0
2025-09-15,-2.6,0.2,-2.64,-0.14,-1.6,-0.02,1.64,-0.26,-1.59,-0.04,-0.75,0.05,0.69,0.46,-1.05,-0.1,-0.84,-0.07,0.94,0,0,0,0,0,0,0,0,0,0,0,0
2025-09-16,-2.2,0.57,-2.72,-0.14,-1.28,0.07,1.33,-0.09,-1.65,-0.03,-0.71,0.12,0.46,0.67,-1.07,-0.1,-0.57,-0.06,0.87,0,0,0,0,0,0,0,0,0,0,0.01,0
2025-09-17,-2.2,0.55,-2.52,-0.16,-1.2,0,1.15,-0.1,-1.51,-0.05,-0.66,0.06,0.29,0.65,-1,-0.11,-0.54,-0.07,0.86,0,0,0,0,0,0,0,0,0,0,0,0
2025-09-18,-2.2,0.39,-2.11,-0.23,-1.64,-0.01,1.41,-0.16,-1.16,-0.11,-0.79,0.06,0.48,0.55,-0.95,-0.11,-0.85,-0.07,0.94,0,0,0,0,0,0,0,0,0,0,0,0
2025-09-19,-2,0.26,-1.89,-0.22,-1.77,-0.04,1.63,-0.21,-0.95,-0.11,-0.93,0.04,0.63,0.47,-0.94,-0.11,-0.85,-0.08,1,0,0,0,0,0,0,0,0,0,0,0,0.01
2025-09-22,-1.1,1.32,-1.77,-0.16,-1.91,0.04,1.35,0.35,-0.85,-0.06,-1.06,0.1,0.41,0.97,-0.92,-0.11,-0.84,-0.06,0.93,0,0,0,0,0,0,0.28,0,0,0,0,0
2025-09-23,-0.2,1.98,-1.98,-0.18,-1.31,0.09,1.15,0.7,-1.02,-0.07,-0.94,0.13,0.27,1.28,-0.96,-0.11,-0.37,-0.04,0.88,0,0,0,0,0,0,0.39,0,0,0,0.01,0
2025-09-24,0.4,2.32,-1.6,-0.21,-1.14,0.01,1.03,0.95,-0.7,-0.1,-0.88,0.07,0.19,1.37,-0.9,-0.11,-0.26,-0.06,0.85,0,0,0,0,0,0,0.51,0,0,0,0,0
2025-09-25,0.8,1.97,-1.33,-0.21,-0.88,0.09,1.18,0.65,-0.5,-0.1,-0.72,0.12,0.26,1.32,-0.84,-0.11,-0.16,-0.03,0.92,0,0,0,0,0,0,0.27,0,0,0,0,0
2025-09-26,0.7,1.8,-1.04,-0.25,-1.2,-0.09,1.5,0.54,-0.24,-0.13,-0.88,0,0.53,1.26,-0.8,-0.11,-0.33,-0.09,0.97,0,0,0,0,0,0,0.19,0,0,0,0,0.23
2025-09-29,-0.1,1.46,-1.32,-0.22,-1.29,0.02,1.22,0.31,-0.41,-0.12,-0.91,0.08,0.27,1.15,-0.91,-0.1,-0.38,-0.06,0.96,0,0,0,0,0,0,0,0,0,0,0,0
2025-09-30,0.4,1.95,-1.09,-0.16,-1.61,0.04,1.27,0.62,-0.23,-0.08,-1.02,0.09,0.33,1.33,-0.86,-0.08,-0.59,-0.05,0.93,0,0,0,0,0,0,0,0,0,0,0,0.11
2025-10-01,-0.9,1.55,-1.29,-0.27,-1.94,0.03,1.02,0.38,-0.36,-0.16,-1.1,0.08,0.16,1.17,-0.94,-0.11,-0.84,-0.05,0.86,0,0,0,0,0,0,0,0,0,0,0,0
2025-10-02,-1.1,1.67,-1.31,-0.3,-1.92,0.08,0.7,0.45,-0.34,-0.19,-1.09,0.11,-0.05,1.22,-0.96,-0.11,-0.83,-0.04,0.75,0,0,0,0,0,0,0,0,0,0,0,0
2025-10-03,-1.1,1.56,-0.9,-0.32,-1.85,0.08,0.34,0.43,-0.02,-0.21,-1.04,0.11,-0.29,1.13,-0.88,-0.11,-0.81,-0.03,0.63,0,0,0,0,0,0,0,0,0,0,0,0
2025-10-06,-1.1,1.34,-0.3,-0.25,-1.93,0.03,0.03,0.36,0.44,-0.15,-1.12,0.08,-0.52,0.99,-0.73,-0.1,-0.81,-0.05,0.55,0,0,0,0,0,0,0,0,0,0,0,0
2025-10-07,-0.4,1.5,-0.6,-0.2,-1.32,0.14,0.08,0.42,0.28,-0.1,-0.95,0.14,-0.5,1.08,-0.88,-0.1,-0.37,-0.01,0.58,0,0,0,0,0,0,0,0,0,0,0,0
2025-10-08,-0.9,1.59,-0.54,-0.2,-1.86,0.02,0.06,0.46,0.35,-0.1,-1.06,0.07,-0.51,1.13,-0.88,-0.1,-0.8,-0.05,0.57,0,0,0,0,0,0,0,0,0,0,0,0
2025-10-09,-0.4,1.5,-0.36,-0.18,-1.32,0.05,-0.05,0.43,0.48,-0.09,-0.9,0.09,-0.55,1.07,-0.84,-0.1,-0.42,-0.04,0.5,0,0,0,0,0,0,0,0,0,0,0,0
2025-10-10,1.6,0.94,-1.13,0.19,1.28,0.64,-0.33,0.22,-0.12,0.25,1.13,0.53,-0.64,0.72,-1.01,-0.06,0.16,0.11,0.31,0,0,0,0,0,0,0,0,0.1,1.02,0,0
2025-10-14,-1,0.57,-1.35,0.2,-0.3,0.55,-0.66,0.06,-0.29,0.26,-0.26,0.46,-0.82,0.5,-1.06,-0.06,-0.04,0.09,0.16,0,0,0,0,0,0,0,0,0.14,0,0,0
2025-10-15,-1.5,0.59,-1.2,-0.11,-0.42,0.51,-0.85,0.04,-0.2,-0.02,-0.31,0.42,-0.95,0.56,-1,-0.09,-0.11,0.09,0.1,0,0,0,0,0,0,0,0,0,0,0,0
2025-10-16,-1.5,0.39,-1.76,0.21,-0.05,0.7,-0.94,-0.05,-0.67,0.26,-0.05,0.53,-0.99,0.44,-1.09,-0.06,-0.01,0.17,0.05,0,0,0,0,0,0,0,0,0.05,0,0,0
2025-10-17,-2.2,0.1,-1.59,0.06,-0.28,0.49,-1.01,-0.17,-0.54,0.13,-0.19,0.4,-1.03,0.27,-1.05,-0.07,-0.09,0.09,0.02,0,0,0,0,0,0,0,0,0,0,0,0
2025-10-20,-3.5,0.17,-1.86,0,-0.93,0.21,-1.06,-0.18,-0.8,0.08,-0.5,0.19,-1.07,0.35,-1.07,-0.08,-0.44,0.02,0.01,0,0,0,0,0,0,0,0,0,0,0,0
2025-10-21,-2.5,1.51,-2.07,-0.01,-0.91,0.16,-1.17,0.48,-0.99,0.07,-0.47,0.15,-1.14,1.03,-1.08,-0.08,-0.44,0.01,-0.03,0,0,0,0,0,0,0.34,0,0,0,0,0
2025-10-22,-1.9,1.75,-2.19,-0.08,-0.46,0.24,-1.2,0.58,-1.12,0.01,-0.26,0.2,-1.13,1.18,-1.07,-0.09,-0.2,0.04,-0.06,0,0,0,0,0,0,0.41,0,0,0,0,0
2025-10-23,-2.2,1.78,-1.89,-0.11,-0.87,0.09,-1.21,0.61,-0.88,-0.01,-0.39,0.1,-1.12,1.17,-1,-0.1,-0.47,-0.01,-0.09,0,0,0,0,0,0,0.47,0,0,0,0,0
2025-10-24,-3.3,1.31,-1.8,-0.2,-1.36,-0.03,-1.25,0.31,-0.84,-0.09,-0.58,0.02,-1.15,1,-0.96,-0.11,-0.78,-0.05,-0.09,0,0,0,0,0,0,0.29,0,0,0,0,0
2025-10-27,-4.2,1.01,-1.91,-0.23,-1.7,-0.08,-1.25,0,-0.93,-0.12,-0.93,-0.02,-1.15,1.02,-0.99,-0.11,-0.77,-0.06,-0.1,0,0,0,0,0,0,0,0,0,0,0,0
2025-10-28,-3.6,1.67,-2.09,-0.23,-1.74,-0.03,-1.19,0.42,-1.07,-0.12,-0.97,0.01,-1.08,1.24,-1.02,-0.1,-0.76,-0.04,-0.1,0,0,0,0,0,0,0.21,0,0,0,0,0
2025-10-29,-2.2,1.97,-1.26,-0.25,-1.54,0.02,-1.19,0.72,-0.47,-0.15,-0.97,0.04,-1.07,1.26,-0.79,-0.1,-0.57,-0.02,-0.12,0,0,0,0,0,0,0.45,0,0,0,0,0
2025-10-30,-1.4,1.69,-1.01,-0.23,-0.7,0.02,-1.19,0.44,-0.27,-0.13,-0.62,0.04,-1.04,1.25,-0.74,-0.1,-0.08,-0.02,-0.15,0,0,0,0,0,0,0.16,0,0,0,0,0
2025-10-31,-1.5,1.62,-0.99,-0.23,-0.86,0.09,-1.16,0.38,-0.26,-0.13,-0.65,0.09,-1,1.24,-0.73,-0.1,-0.21,0,-0.16,0,0,0,0,0,0,0.07,0,0,0,0.01,0
2025-11-03,-0.6,2.34,-0.71,-0.23,-0.96,0.02,-1.05,1.11,-0.04,-0.13,-0.72,0.03,-0.93,1.23,-0.67,-0.1,-0.25,-0.01,-0.12,0,0,0,0,0,0,0.35,0,0,0,0,0
2025-11-04,0.2,2.32,-0.89,-0.22,-0.31,0.26,-0.93,1.08,-0.14,-0.12,-0.35,0.2,-0.84,1.24,-0.75,-0.1,0.04,0.05,-0.08,0,0,0,0,0,0,0.27,0,0,0,0.09,0
2025-11-05,1.3,2.37,0.26,-0.14,-0.49,0.09,-0.75,1.13,0.78,-0.05,-0.47,0.08,-0.71,1.24,-0.52,-0.09,-0.02,0.02,-0.05,0,0,0,0,0,0,0.26,0.39,0,0,0.06,0
2025-11-06,1.1,2.12,-0.62,-0.14,-0.01,0.25,-0.54,0.9,0.09,-0.06,-0.14,0.19,-0.55,1.22,-0.71,-0.09,0.13,0.07,0.01,0,0,0,0,0,0,0,0,0,0,0.13,0
2025-11-07,1.1,2.01,-0.55,-0.11,-0.08,0.16,-0.34,0.84,0.15,-0.03,-0.2,0.11,-0.41,1.17,-0.71,-0.08,0.12,0.05,0.07,0,0,0,0,0,0,0,0,0,0,0.1,0
2025-11-10,1,2.01,-0.28,0.27,-0.79,-0.05,-0.21,0.86,0.36,0.32,-0.66,-0.05,-0.3,1.16,-0.63,-0.05,-0.12,0,0.09,0,0,0,0,0,0,0,0,0.23,0,0,0
2025-11-12,0.9,2.33,-0.67,0.35,-1,-0.06,-0.05,1.1,0.11,0.39,-0.74,-0.05,-0.19,1.23,-0.78,-0.04,-0.26,0,0.14,0,0,0,0,0,0,0,0,0.25,0,0,0
2025-11-13,2.5,2.35,-0.25,0.18,-0.14,0.21,0.18,1.12,0.45,0.23,-0.24,0.13,-0.02,1.23,-0.7,-0.05,0.1,0.08,0.2,0,0,0,0,0,0,0,0,0.17,0,0.1,0
2025-11-14,3.7,2.26,0.17,0.2,-0.1,0.12,1.05,1.06,0.74,0.25,-0.22,0.04,0.78,1.21,-0.58,-0.04,0.11,0.08,0.27,0,0,0,0,0,0,0,0,0.16,0,0.02,0.64
2025-11-17,5,2.17,0.13,0.24,0.98,0.38,1.11,0.97,0.75,0.27,0.69,0.25,0.8,1.2,-0.62,-0.03,0.29,0.13,0.31,0,0,0,0,0,0,0,0,0.07,0.61,0.06,0.55
2025-11-18,5.6,2.24,0.11,0.22,1.34,0.58,1.15,1.04,0.77,0.25,0.98,0.42,0.81,1.2,-0.66,-0.03,0.36,0.16,0.34,0,0,0,0,0,0,0,0,0,0.58,0.09,0.44
2025-11-19,5.8,2.33,0.27,0.32,1.1,0.5,1.33,1.08,0.88,0.34,0.78,0.35,0.87,1.25,-0.61,-0.02,0.32,0.15,0.46,0,0,0,0,0,0,0,0,0,0.36,0.05,0.38
2025-11-20,6.3,2.35,-0.13,0.1,1.92,0.68,1.43,1.09,0.64,0.15,1.46,0.5,0.86,1.26,-0.76,-0.06,0.46,0.17,0.57,0,0,0,0,0,0,0,0,0,0.46,0,0.25
2025-11-21,5.3,2.45,-0.52,0.16,1.37,0.48,1.37,1.19,0.31,0.21,0.98,0.34,0.75,1.26,-0.84,-0.05,0.39,0.14,0.62,0,0,0,0,0,0,0,0,0,0.22,0,0.07
2025-11-24,3.8,2.29,-0.82,0.12,0.54,0.29,1.39,1.04,0.09,0.19,0.38,0.2,0.75,1.25,-0.91,-0.07,0.16,0.09,0.63,0,0,0,0,0,0,0,0,0,0,0,0.03
2025-11-25,2.8,2.21,-1.18,0,0.2,0.12,1.41,0.95,-0.2,0.09,0.18,0.09,0.78,1.26,-0.98,-0.09,0.02,0.03,0.64,0,0,0,0,0,0,0,0,0,0,0,0
2025-11-26,2,2.03,-1.35,-0.01,-0.12,-0.02,1.45,0.79,-0.34,0.08,-0.01,0,0.79,1.24,-1.02,-0.1,-0.1,-0.02,0.65,0,0,0,0,0,0,0,0,0,0,0,0
2025-11-28,1.5,1.94,-1.25,-0.1,-0.44,-0.09,1.4,0.7,-0.32,0,-0.15,-0.03,0.78,1.23,-0.94,-0.1,-0.29,-0.06,0.62,0,0,0,0,0,0,0,0,0,0,0,0
2025-12-01,2.3,1.57,-0.49,0,-0.08,-0.02,1.37,0.43,0.26,0.09,0.02,0,0.76,1.13,-0.75,-0.09,-0.1,-0.01,0.61,0,0,0,0,0,0,0,0.16,0,0,0,0
2025-12-02,2.3,1.63,-0.32,-0.06,-0.2,-0.08,1.31,0.47,0.43,0.04,-0.06,-0.03,0.73,1.16,-0.75,-0.1,-0.14,-0.04,0.59,0,0,0,0,0,0,0,0.39,0,0,0,0
2025-12-03,1.1,1.62,-1.06,-0.16,-0.43,-0.12,1.25,0.45,-0.26,-0.05,-0.13,-0.05,0.67,1.18,-0.81,-0.11,-0.3,-0.07,0.58,0,0,0,0,0,0,0,0,0,0,0,0
2025-12-04,1.6,1.53,-0.13,-0.19,-0.51,-0.14,1.07,0.36,0.52,-0.09,-0.17,-0.07,0.58,1.17,-0.65,-0.11,-0.34,-0.07,0.5,0,0,0,0,0,0,0,0.47,0,0,0,0
2025-12-05,1.8,1.53,0.51,-0.18,-0.72,-0.17,0.86,0.33,1.01,-0.08,-0.3,-0.09,0.49,1.2,-0.49,-0.1,-0.42,-0.08,0.37,0,0,0,0,0,0,0,0.8,0,0,0,0
2025-12-08,1.8,0.95,0.86,-0.11,-0.52,-0.09,0.7,-0.05,1.24,-0.02,-0.26,-0.06,0.41,1,-0.38,-0.09,-0.26,-0.03,0.29,0,0,0,0,0,0,0,0.85,0,0,0,0
2025-12-09,1.4,0.84,0.5,0.11,-0.55,-0.09,0.58,-0.15,0.84,0.18,-0.3,-0.07,0.33,1,-0.34,-0.07,-0.25,-0.02,0.25,0,0,0,0,0,0,0,0.38,0.16,0,0,0
2025-12-10,-0.9,0.61,-0.26,-0.23,-1.19,-0.2,0.34,-0.37,0.3,-0.13,-0.61,-0.13,0.18,0.98,-0.56,-0.1,-0.58,-0.07,0.16,0,0,0,0,0,0,0,0.23,0,0,0,0
2025-12-11,-1.4,0.68,-0.22,-0.24,-1.6,-0.27,0.19,-0.31,0.27,-0.14,-0.78,-0.17,0.07,0.99,-0.5,-0.1,-0.82,-0.1,0.12,0,0,0,0,0,0,0,0.13,0,0,0,0
2025-12-12,-0.3,0.51,0.23,-0.25,-0.62,-0.23,0.06,-0.46,0.54,-0.16,-0.55,-0.16,-0.03,0.97,-0.31,-0.1,-0.08,-0.07,0.1,0,0,0,0,0,0,0,0,0,0,0,0
2025-12-15,-0.3,0.47,0.32,-0.18,-0.62,-0.19,-0.12,-0.49,0.66,-0.1,-0.58,-0.15,-0.16,0.96,-0.33,-0.08,-0.03,-0.04,0.04,0,0,0,0,0,0,0,0.12,0,0,0,0
2025-12-16,-1,0.45,-0.1,-0.3,-0.49,-0.2,-0.36,-0.51,0.35,-0.2,-0.51,-0.15,-0.32,0.96,-0.45,-0.1,0.02,-0.04,-0.04,0,0,0,0,0,0,0,0,0,0,0,0
2025-12-17,-0.4,0.5,0.09,-0.37,0.09,-0.11,-0.62,-0.49,0.5,-0.26,-0.1,-0.11,-0.48,0.98,-0.41,-0.11,0.2,0.01,-0.14,0,0,0,0,0,0,0,0,0,0,0,0
2025-12-18,-1.6,0.5,-0.34,-0.37,-0.29,-0.16,-0.96,-0.48,0.28,-0.26,-0.37,-0.14,-0.67,0.98,-0.62,-0.11,0.09,-0.02,-0.29,0,0,0,0,0,0,0,0,0,0,0,0
2025-12-19,-1.4,0.84,0.23,-0.37,-0.78,-0.29,-1.02,-0.23,0.64,-0.26,-0.67,-0.19,-0.71,1.07,-0.4,-0.11,-0.11,-0.1,-0.31,0,0,0,0,0,0,0,0,0,0,0,0
2025-12-22,-2.2,0.64,0.38,-0.36,-1.27,-0.32,-1.31,-0.35,0.73,-0.25,-0.86,-0.21,-0.83,0.99,-0.35,-0.11,-0.41,-0.11,-0.48,0,0,0,0,0,0,0,0,0,0,0,0
2025-12-23,-2.7,0.76,0.54,-0.35,-1.8,-0.31,-1.58,-0.28,0.84,-0.24,-0.99,-0.21,-0.98,1.03,-0.29,-0.11,-0.82,-0.11,-0.6,0,0,0,0,0,0,0,0,0,0,0,0
2025-12-24,-3.4,0.73,0.2,-0.35,-1.85,-0.32,-1.77,-0.3,0.66,-0.24,-1.03,-0.21,-1.09,1.03,-0.45,-0.11,-0.82,-0.11,-0.69,0,0,0,0,0,0,0,0,0,0,0,0
2025-12-26,-3.2,0.79,0.07,-0.35,-1.52,-0.29,-1.88,-0.25,0.58,-0.24,-0.92,-0.19,-1.16,1.04,-0.51,-0.11,-0.6,-0.11,-0.71,0,0,0,0,0,0,0,0,0,0,0,0
2025-12-29,-2.9,0.89,-0.21,-0.32,-1.07,-0.26,-1.94,-0.2,0.42,-0.21,-0.69,-0.15,-1.22,1.08,-0.64,-0.11,-0.38,-0.11,-0.72,0,0,0,0,0,0,0,0,0,0,0,0
2025-12-30,-2.7,0.48,0.03,-0.22,-0.82,-0.22,-2,-0.44,0.53,-0.12,-0.5,-0.12,-1.25,0.92,-0.5,-0.1,-0.32,-0.1,-0.75,0,0,0,0,0,0,0,0,0,0,0,0
2025-12-31,-1.7,0.43,0.48,-0.22,-0.13,-0.17,-2.04,-0.45,0.75,-0.12,-0.12,-0.08,-1.3,0.88,-0.27,-0.1,-0.01,-0.09,-0.75,0,0,0,0,0,0,0,0,0,0,0,0
2026-01-02,-1.3,0.75,0.53,-0.24,-0.18,-0.18,-1.94,-0.21,0.76,-0.13,-0.11,-0.08,-1.2,0.96,-0.23,-0.1,-0.07,-0.1,-0.74,0,0,0,0,0,0,0,0,0,0,0,0
2026-01-05,-1.9,0.69,0.19,-0.19,-0.64,-0.14,-1.78,-0.23,0.52,-0.09,-0.28,-0.05,-1.09,0.92,-0.33,-0.1,-0.36,-0.09,-0.68,0,0,0,0,0,0,0,0,0,0,0,0
2026-01-06,-2.2,0.78,0.2,-0.16,-1.33,-0.15,-1.55,-0.15,0.46,-0.07,-0.51,-0.05,-0.92,0.93,-0.26,-0.09,-0.81,-0.1,-0.63,0,0,0,0,0,0,0,0,0,0,0,0
2026-01-07,-1.9,0.89,-0.32,-0.16,-0.78,-0.1,-1.45,-0.06,0.12,-0.07,-0.4,-0.03,-0.84,0.95,-0.44,-0.09,-0.38,-0.07,-0.61,0,0,0,0,0,0,0,0,0,0,0,0
2026-01-08,-1.2,0.89,0.18,-0.13,-0.8,-0.09,-1.24,-0.03,0.39,-0.05,-0.41,-0.02,-0.72,0.93,-0.21,-0.09,-0.38,-0.07,-0.53,0,0,0,0,0,0,0,0,0,0,0,0
2026-01-09,-2,0.88,0,-0.23,-1.52,-0.16,-0.99,-0.02,0.26,-0.13,-0.72,-0.07,-0.57,0.9,-0.26,-0.1,-0.81,-0.1,-0.42,0,0,0,0,0,0,0,0,0,0,0,0
2026-01-12,-1.5,0.87,0.1,-0.2,-1.61,-0.12,-0.57,0,0.29,-0.1,-0.81,-0.04,-0.38,0.87,-0.2,-0.1,-0.8,-0.08,-0.19,0,0,0,0,0,0,0,0,0,0,0,0
2026-01-13,-1,0.8,-0.07,-0.23,-1.24,-0.06,-0.22,-0.04,0.18,-0.13,-0.75,-0.01,-0.18,0.84,-0.26,-0.1,-0.5,-0.05,-0.03,0,0,0,0,0,0,0,0,0,0,0,0
2026-01-14,0.8,1.02,-0.51,-0.28,-0.73,0.11,1.17,0.09,-0.07,-0.17,-0.54,0.12,1.08,0.93,-0.44,-0.11,-0.19,-0.02,0.1,0,0,0,0,0,0,0,0,0,0,0.07,1.06
2026-01-15,0.9,1.06,-0.25,-0.3,-0.9,0.01,1.3,0.11,0.08,-0.19,-0.61,0.07,1.12,0.95,-0.33,-0.11,-0.3,-0.05,0.18,0,0,0,0,0,0,0,0,0,0,0.06,0.91
2026-01-16,2.6,1.5,0.78,-0.23,-0.8,-0.02,1.39,0.39,0.78,-0.13,-0.54,0.04,1.14,1.11,0,-0.11,-0.27,-0.05,0.25,0,0,0,0,0,0,0.14,0.11,0,0,0,0.78
2026-01-20,6.4,1.53,1.56,0.07,1.29,0.51,1.44,0.42,1.25,0.15,1.04,0.41,1.15,1.1,0.31,-0.08,0.25,0.1,0.29,0,0,0,0,0,0,0.2,0.1,0.04,0.75,0,0.65
2026-01-21,4.3,2.01,1,-0.17,-0.07,0.13,1.36,0.79,0.91,-0.07,-0.16,0.14,1.01,1.22,0.09,-0.1,0.08,-0.01,0.34,0,0,0,0,0,0,0.43,0.07,0,0,0,0.39
2026-01-22,3.6,2.05,0.96,-0.23,-0.4,-0.02,1.25,0.77,0.87,-0.12,-0.34,0.05,0.86,1.28,0.09,-0.11,-0.06,-0.07,0.4,0,0,0,0,0,0,0.29,0,0,0,0,0.11
2026-01-23,3.4,1.92,0.7,-0.22,-0.42,0.05,1.33,0.67,0.71,-0.11,-0.34,0.1,0.84,1.25,-0.01,-0.11,-0.08,-0.05,0.48,0,0,0,0,0,0,0.27,0,0,0,0,0
2026-01-26,2.8,1.95,0.4,-0.22,-0.86,0.07,1.45,0.66,0.52,-0.11,-0.51,0.12,0.93,1.29,-0.13,-0.11,-0.35,-0.05,0.53,0,0,0,0,0,0,0.15,0,0,0,0,0
2026-01-27,2.6,1.84,0.67,-0.21,-1.38,0.12,1.54,0.58,0.68,-0.11,-0.58,0.16,0.98,1.27,-0.01,-0.11,-0.8,-0.04,0.56,0,0,0,0,0,0,0.12,0,0,0,0,0
2026-01-28,3,1.61,0.9,-0.19,-1.1,0.14,1.66,0.39,0.8,-0.09,-0.49,0.18,1.04,1.22,0.1,-0.1,-0.61,-0.04,0.62,0,0,0,0,0,0,0,0,0,0,0,0
2026-01-29,3.3,1.75,0.61,-0.13,-0.91,0.21,1.73,0.49,0.63,-0.04,-0.39,0.22,1.09,1.27,-0.01,-0.09,-0.51,-0.01,0.65,0,0,0,0,0,0,0,0,0,0,0,0
2026-01-30,4,1.67,0.88,-0.18,-0.43,0.27,1.8,0.43,0.78,-0.08,-0.19,0.26,1.13,1.23,0.1,-0.1,-0.24,0.02,0.67,0,0,0,0,0,0,0,0,0,0,0,0
2026-02-02,3.5,1.42,1.27,-0.18,-0.97,0.11,1.89,0.32,1,-0.08,-0.39,0.16,1.16,1.11,0.27,-0.1,-0.58,-0.04,0.72,0,0,0,0,0,0,0,0,0,0,0,0
2026-02-03,3.7,1.13,1.1,-0.23,-0.07,0.32,1.48,0.17,0.9,-0.12,-0.01,0.28,0.97,0.96,0.2,-0.1,-0.06,0.04,0.51,0,0,0,0,0,0,0,0,0,0,0,0
2026-02-04,4.4,1.33,1.22,-0.23,0.58,0.38,1.11,0.28,0.95,-0.13,0.48,0.31,0.82,1.04,0.27,-0.1,0.1,0.07,0.29,0,0,0,0,0,0,0,0,0,0.26,0,0
2026-02-05,4.7,1.5,0.1,-0.12,1.56,0.65,0.97,0.37,0.29,-0.03,1.28,0.51,0.71,1.13,-0.19,-0.09,0.29,0.14,0.26,0,0,0,0,0,0,0,0,0,0.56,0,0
2026-02-06,3,1.44,0.2,0.09,-0.24,0.52,0.94,0.34,0.35,0.18,-0.04,0.41,0.65,1.1,-0.15,-0.08,-0.19,0.11,0.29,0,0,0,0,0,0,0,0,0.14,0,0,0
2026-02-09,2.4,1.64,0.16,0.04,-0.69,0.17,1.06,0.42,0.31,0.13,-0.18,0.16,0.65,1.22,-0.15,-0.09,-0.5,0.01,0.42,0,0,0,0,0,0,0,0,0.1,0,0,0
2026-02-10,2.2,1.71,-0.69,0.08,-0.36,0.18,1.31,0.45,-0.24,0.16,-0.08,0.15,0.67,1.27,-0.44,-0.08,-0.27,0.03,0.64,0,0,0,0,0,0,0,0,0.07,0,0,0
2026-02-11,2.6,1.71,-0.46,-0.11,-0.37,0.15,1.72,0.44,-0.15,-0.02,-0.1,0.12,0.94,1.27,-0.3,-0.09,-0.27,0.03,0.78,0,0,0,0,0,0,0.02,0,0,0,0,0.19
2026-02-12,3.9,1.8,-1.76,0.26,0.84,0.47,2.28,0.47,-0.93,0.33,0.61,0.35,1.43,1.33,-0.83,-0.07,0.23,0.12,0.85,0,0,0,0,0,0,0,0,0,0.08,0,0.58
2026-02-13,4,1.88,-2.38,0.38,1.02,0.44,2.61,0.54,-1.41,0.44,0.79,0.33,1.7,1.34,-0.97,-0.06,0.23,0.12,0.91,0,0,0,0,0,0,0.07,0,0,0.28,0,0.79
2026-02-17,3.9,1.74,-2.29,0.37,1.09,0.41,2.55,0.39,-1.36,0.44,0.87,0.3,1.55,1.34,-0.94,-0.07,0.22,0.11,1,0,0,0,0,0,0,0,0,0,0.39,0,0.61
2026-02-18,3.4,1.64,-1.92,0.17,0.47,0.33,2.67,0.32,-1.08,0.25,0.36,0.24,1.66,1.31,-0.83,-0.08,0.11,0.09,1.01,0,0,0,0,0,0,0,0,0,0.1,0,0.72
2026-02-19,3.1,1.08,-2.07,0.39,0.8,0.38,2.55,0.03,-1.2,0.46,0.64,0.27,1.52,1.06,-0.87,-0.07,0.16,0.11,1.03,0,0,0,0,0,0,0,0,0,0.26,0,0.55
2026-02-20,1.7,1,-2.12,0.2,0.08,0.26,2.32,-0.05,-1.25,0.28,0.1,0.18,1.28,1.04,-0.87,-0.08,-0.02,0.08,1.04,0,0,0,0,0,0,0,0,0,0,0,0.29
2026-02-23,2.3,1.41,-2.76,0.39,0.77,0.45,2.1,0.11,-1.73,0.45,0.52,0.31,1.05,1.29,-1.03,-0.07,0.25,0.14,1.04,0,0,0,0,0,0,0,0,0,0,0,0.07
2026-02-24,1.4,1.31,-2.73,0.23,0.29,0.29,2.02,0.05,-1.73,0.31,0.23,0.2,0.98,1.25,-1,-0.08,0.06,0.09,1.05,0,0,0,0,0,0,0,0,0,0,0,0
2026-02-25,0.4,1.22,-2.63,0.08,-0.46,0.1,2.05,0.02,-1.68,0.18,-0.1,0.07,1,1.2,-0.95,-0.09,-0.35,0.03,1.05,0,0,0,0,0,0,0,0,0,0,0,0
2026-02-26,0.4,0.74,-2.97,0.2,0.15,0.19,2.08,-0.23,-1.92,0.29,0.16,0.13,1.03,0.97,-1.05,-0.09,-0.01,0.06,1.05,0,0,0,0,0,0,0,0,0,0,0,0
2026-02-27,0.7,0.82,-3.42,0.5,0.41,0.28,2.09,-0.16,-2.26,0.54,0.29,0.18,1.05,0.98,-1.16,-0.05,0.13,0.1,1.05,0,0,0,0,0,0,0,0,0,0,0,0
2026-03-02,1.4,0.55,-2.54,0.51,0.39,0.4,2.13,-0.29,-1.6,0.55,0.28,0.26,1.07,0.84,-0.94,-0.05,0.11,0.14,1.06,0,0,0,0,0,0,0,0,0,0,0,0
2026-03-03,2.9,0.7,-2.4,0.54,1.05,0.57,2.47,-0.23,-1.52,0.56,0.73,0.39,1.41,0.93,-0.89,-0.02,0.32,0.18,1.07,0,0,0,0,0,0,0,0,0,0.05,0,0
2026-03-04,2,0.44,-2.04,0.38,0.54,0.36,2.34,-0.35,-1.24,0.44,0.38,0.22,1.27,0.79,-0.8,-0.06,0.16,0.14,1.07,0,0,0,0,0,0,0,0,0,0,0,0
2026-03-05,3.3,0.59,-1.44,0.52,0.87,0.57,2.23,-0.27,-0.85,0.56,0.59,0.38,1.16,0.86,-0.59,-0.04,0.29,0.19,1.07,0,0,0,0,0,0,0,0,0,0,0,0
2026-03-06,4.9,0.6,-1.03,0.57,1.82,0.8,2.16,-0.28,-0.58,0.57,1.28,0.58,1.1,0.88,-0.45,0,0.54,0.22,1.06,0,0,0,0,0.02,0,0,0,0,0.24,0,0
2026-03-09,4.1,1,-1.34,0.56,1.17,0.66,2.09,-0.1,-0.68,0.57,0.79,0.45,1.04,1.1,-0.66,-0.01,0.39,0.21,1.06,0,0,0,0,0,0,0,0,0,0.15,0.03,0
2026-03-10,4.3,0.9,-0.73,0.51,1.1,0.56,2.01,-0.15,-0.28,0.54,0.66,0.36,0.96,1.04,-0.44,-0.03,0.44,0.2,1.05,0,0,0,0,0,0,0,0,0,0,0,0
2026-03-11,7,1.12,1.17,0.55,1.28,0.48,2.39,-0.07,1.28,0.57,0.82,0.29,1.29,1.19,-0.11,-0.01,0.46,0.19,1.09,0,0,0,0,0,0,0,0.92,0,0.18,0,0
2026-03-12,9.7,1.13,2.3,0.7,2.01,0.68,2.92,-0.07,2.03,0.57,1.37,0.46,1.83,1.2,0.27,0.13,0.64,0.21,1.09,0,0,0,0.03,0.01,0,0,1.02,0,0.13,0,0.31
2026-03-13,10.6,1.27,2.16,0.66,2.41,0.66,3.43,-0.01,1.85,0.57,1.72,0.45,2.34,1.29,0.31,0.09,0.69,0.21,1.1,0,0,0,0.08,0,0,0,0.58,0,0.2,0,0.68
2026-03-16,8.4,1.21,1.1,0.61,1.66,0.4,3.44,-0.04,1.1,0.57,1.07,0.23,2.34,1.25,0,0.04,0.59,0.17,1.1,0,0,0,0,0,0,0,0.12,0,0,0,0.66
2026-03-17,7.8,1.32,0.73,0.49,1.51,0.33,3.44,-0.01,0.88,0.5,0.94,0.17,2.34,1.33,-0.14,-0.01,0.56,0.16,1.1,0,0,0,0,0,0,0,0,0,0,0,0.68
2026-03-18,10.5,2.02,1.7,0.57,2.21,0.53,3.5,0.55,1.5,0.57,1.51,0.33,2.4,1.47,0.2,0,0.7,0.2,1.1,0,0,0,0.09,0,0,0.34,0,0,0,0,0.51
2026-03-19,10.6,2.02,1.67,0.61,2.32,0.44,3.55,0.55,1.54,0.57,1.61,0.26,2.45,1.46,0.13,0.04,0.71,0.18,1.11,0,0,0,0.1,0,0,0.33,0,0,0,0,0.39
2026-03-20,14,1.85,4.04,0.82,3.11,0.61,3.57,0.4,3.21,0.61,2.35,0.4,2.47,1.45,0.82,0.21,0.76,0.21,1.1,0,0.35,0.04,0.2,0,0,0.18,0,0,0.14,0,0.32
2026-03-23,12.7,2.15,3.17,0.73,2.44,0.57,3.61,0.67,2.54,0.58,1.73,0.36,2.49,1.48,0.63,0.15,0.72,0.21,1.11,0,0,0,0.11,0,0,0.22,0,0,0,0,0.29
2026-03-24,14.1,2.39,4.06,0.76,2.59,0.6,3.68,0.9,3.24,0.58,1.85,0.38,2.56,1.49,0.83,0.18,0.74,0.21,1.11,0,0.35,0,0.14,0,0,0.24,0,0,0,0,0.1
2026-03-25,12.6,2.43,2.96,0.73,2.32,0.49,3.71,0.94,2.39,0.58,1.62,0.29,2.6,1.49,0.57,0.15,0.7,0.2,1.11,0,0,0,0.09,0,0,0.19,0,0,0,0,0
2026-03-26,15.1,2.25,4.5,0.88,3.13,0.6,3.74,0.77,3.54,0.65,2.34,0.38,2.61,1.48,0.96,0.23,0.79,0.22,1.12,0,0.64,0.07,0.22,0.01,0,0,0,0,0,0,0
2026-03-27,16.4,2.26,4.77,0.85,4.02,0.78,3.75,0.79,3.72,0.63,3.1,0.54,2.62,1.48,1.05,0.22,0.92,0.24,1.12,0,0.81,0.05,0.48,0.04,0,0,0,0,0,0,0
2026-03-30,14.9,2.4,3.12,0.83,4.11,0.69,3.77,0.89,2.44,0.62,3.16,0.46,2.64,1.51,0.68,0.21,0.95,0.23,1.13,0,0,0.03,0.52,0.03,0,0,0,0,0,0,0
2026-03-31,12.2,2.38,2.39,0.72,2.6,0.34,3.79,0.88,1.93,0.59,1.84,0.14,2.65,1.51,0.46,0.13,0.75,0.2,1.14,0,0,0,0.14,0,0,0,0,0,0,0,0
2026-04-01,12,2.51,2.63,0.61,2.18,0.26,3.79,0.99,2.07,0.53,1.47,0.09,2.66,1.52,0.57,0.08,0.71,0.18,1.13,0,0,0,0.07,0,0,0,0,0,0,0,0
2026-04-02,10.5,2.4,2.21,0.27,1.97,0.18,3.51,0.9,1.71,0.24,1.28,0.01,2.42,1.5,0.5,0.03,0.69,0.17,1.09,0,0,0,0.05,0,0,0,0,0,0,0,0
2026-04-06,9.2,2.38,2.38,0.07,1.62,0.17,2.61,0.88,1.75,0.07,0.96,-0.01,1.55,1.5,0.62,0,0.66,0.17,1.06,0,0,0,0.03,0,0,0,0,0,0,0,0
2026-04-07,8.5,2.12,2,0.1,1.49,0.25,2.54,0.7,1.44,0.08,0.84,0.05,1.49,1.42,0.56,0.01,0.65,0.2,1.06,0,0,0,0.02,0,0,0,0,0,0,0,0
2026-04-08,6.3,2.31,1.33,-0.05,0.2,0.03,2.43,0.82,0.98,-0.03,-0.13,-0.09,1.38,1.49,0.35,-0.02,0.34,0.11,1.05,0,0,0,0,0,0,0,0,0,0,0,0
2026-04-09,5.3,2.31,1.16,-0.15,-0.25,-0.06,2.29,0.82,0.81,-0.1,-0.44,-0.12,1.25,1.5,0.35,-0.05,0.2,0.06,1.03,0,0,0,0,0,0,0,0,0,0,0,0
2026-04-10,5.1,2.2,1.35,-0.21,-0.31,-0.08,2.11,0.72,0.86,-0.15,-0.53,-0.13,1.08,1.47,0.49,-0.06,0.22,0.05,1.03,0,0,0,0,0,0,0,0,0,0,0,0
2026-04-13,3.7,2.22,1.01,-0.2,-1.11,-0.09,1.85,0.72,0.58,-0.15,-1.06,-0.14,0.84,1.49,0.43,-0.05,-0.05,0.05,1.01,0,0,0,0,0,0,0,0,0,0,0,0
2026-04-14,1.4,2.14,0.25,-0.22,-2.27,-0.13,1.6,0.65,0.12,-0.17,-1.59,-0.15,0.61,1.49,0.13,-0.05,-0.68,0.02,1,0,0,0,0,0,0,0,0,0,0,0,0
2026-04-15,0.2,1.89,0.5,-0.36,-2.99,-0.15,1.34,0.48,0.16,-0.28,-2.02,-0.16,0.35,1.4,0.34,-0.08,-0.98,0.01,1,0,0,0,0,0,0,0,0,0,0,0,0
2026-04-16,-0.1,1.73,0.83,-0.38,-3.17,-0.16,1.04,0.38,0.3,-0.29,-2.2,-0.16,0.06,1.36,0.53,-0.09,-0.97,0,0.98,0,0,0,0,0,0,0,0.03,0,0,0,0
2026-04-17,-2,1.64,-0.25,-0.39,-3.62,-0.19,0.81,0.28,-0.37,-0.29,-2.65,-0.18,-0.18,1.35,0.12,-0.09,-0.97,-0.01,0.98,0,0,0,0,0,0,0,0,0,0,0,0
2026-04-20,-2,1.5,-0.38,-0.37,-3.27,-0.11,0.58,0.17,-0.5,-0.29,-2.65,-0.15,-0.39,1.33,0.12,-0.08,-0.62,0.04,0.98,0,0,0,0,0,0,0,0,0,0,0,0
2026-04-21,-0.7,1.97,0.22,-0.36,-2.84,-0.08,0.38,0.44,-0.22,-0.29,-2.65,-0.14,-0.59,1.52,0.44,-0.07,-0.18,0.07,0.97,0,0,0,0,0,0,0,0,0,0,0,0
2026-04-22,-1.4,2.48,0.17,-0.36,-3.63,-0.12,0.09,0.96,-0.27,-0.29,-2.65,-0.16,-0.86,1.52,0.44,-0.07,-0.97,0.04,0.96,0,0,0,0,0,0,0.27,0,0,0,0,0
2026-04-23,-0.6,2.5,0.61,-0.37,-3.13,-0.09,-0.13,0.99,-0.04,-0.29,-2.65,-0.15,-1.08,1.51,0.65,-0.08,-0.47,0.06,0.95,0,0,0,0,0,0,0.37,0,0,0,0,0
2026-04-24,-2.1,2.17,0.17,-0.38,-3.64,-0.13,-0.27,0.66,-0.33,-0.3,-2.67,-0.17,-1.21,1.51,0.5,-0.08,-0.97,0.04,0.95,0,0,0,0,0,0,0.15,0,0,0,0,0
2026-04-27,-1.8,2.03,0.66,-0.37,-3.64,-0.18,-0.3,0.52,-0.07,-0.3,-2.67,-0.18,-1.24,1.5,0.72,-0.07,-0.97,0.01,0.94,0,0,0,0,0,0,0.16,0,0,0,0,0
2026-04-28,-0.7,1.91,1.42,-0.37,-3.1,-0.19,-0.33,0.39,0.66,-0.3,-2.69,-0.18,-1.27,1.52,0.77,-0.07,-0.41,0,0.94,0,0,0,0,0,0,0,0.59,0,0,0,0
2026-04-29,0.8,1.72,2.86,-0.3,-3.08,-0.12,-0.32,0.22,1.85,-0.25,-2.7,-0.16,-1.26,1.5,1.01,-0.05,-0.38,0.04,0.95,0,0.14,0,0,0,0,0,1.1,0,0,0,0
2026-04-30,-1,1.68,1.78,-0.31,-3.69,-0.22,-0.27,0.18,0.86,-0.25,-2.71,-0.19,-1.22,1.5,0.92,-0.06,-0.98,-0.03,0.95,0,0.08,0,0,0,0,0,0.26,0,0,0,0
2026-05-01,-0.6,1.93,1.86,-0.32,-3.69,-0.21,-0.22,0.4,0.99,-0.25,-2.71,-0.18,-1.15,1.53,0.87,-0.06,-0.98,-0.03,0.93,0,0.06,0,0,0,0,0,0.49,0,0,0,0
2026-05-04,1,1.99,2.69,-0.13,-3.21,-0.12,-0.23,0.43,1.56,-0.12,-2.74,-0.14,-1.15,1.55,1.13,-0.02,-0.47,0.02,0.93,0,0.32,0,0,0,0,0,0.19,0,0,0,0
2026-05-05,0.1,1.9,2.36,-0.12,-3.71,-0.15,-0.19,0.38,1.29,-0.09,-2.73,-0.14,-1.11,1.52,1.07,-0.03,-0.99,-0.02,0.92,0,0.27,0,0,0,0,0,0,0,0,0,0
2026-05-06,-0.6,1.97,1.23,-0.2,-3.71,-0.13,0.2,0.43,0.49,-0.13,-2.73,-0.11,-0.77,1.54,0.74,-0.06,-0.98,-0.02,0.97,0,0.01,0,0,0,0,0,0,0,0,0,0
2026-05-07,1.1,1.97,2.01,-0.13,-3.21,-0.14,0.59,0.44,1.05,-0.07,-2.73,-0.11,-0.43,1.54,0.96,-0.06,-0.48,-0.03,1.02,0,0.17,0,0,0,0,0,0,0,0,0,0
2026-05-08,0.6,2.12,1.55,-0.2,-3.7,-0.11,0.91,0.55,0.74,-0.12,-2.72,-0.09,-0.14,1.57,0.81,-0.08,-0.98,-0.02,1.05,0,0.05,0,0,0,0,0,0,0,0,0,0
2026-05-11,3.1,2.16,2.31,-0.1,-3.49,-0.02,2.28,0.6,1.3,-0.04,-2.51,-0.04,1.22,1.57,1.01,-0.06,-0.97,0.03,1.06,0,0.24,0,0,0,0,0,0,0,0,0,1.18
2026-05-12,4.4,2.28,3.06,-0.07,-2.86,-0.04,2.02,0.72,1.91,-0.01,-2.22,-0.04,0.97,1.56,1.15,-0.06,-0.64,0,1.06,0,0.47,0,0,0,0,0,0,0,0,0,0.84
2026-05-13,4.3,2.2,3.08,-0.08,-3.12,-0.03,2.23,0.66,1.93,-0.01,-2.16,-0.03,1.14,1.54,1.14,-0.06,-0.96,0,1.09,0,0.48,0,0,0,0,0,0,0,0,0,0.9
2026-05-14,4.1,2.16,3.22,-0.08,-3.22,-0.06,2.09,0.62,2.04,-0.01,-2.26,-0.04,0.99,1.54,1.18,-0.07,-0.96,-0.02,1.1,0,0.53,0,0,0,0,0,0,0,0,0,0.67
2026-05-15,7.9,2.2,4.99,0.37,-1.63,0.03,1.89,0.65,3.69,0.37,-1.65,-0.01,0.8,1.55,1.29,0,0.02,0.03,1.1,0,1.1,0,0,0,0,0,0.07,0,0,0,0.39
2026-05-18,8.4,2.27,5.11,0.67,-1.42,-0.03,1.78,0.71,3.82,0.6,-1.46,-0.02,0.68,1.56,1.3,0.07,0.04,0,1.1,0,1.16,0,0,0,0,0,0,0,0,0,0.2
2026-05-19,9.2,2.27,5.62,0.65,-0.89,0,1.51,0.71,4.32,0.59,-1.12,-0.01,0.43,1.56,1.3,0.06,0.23,0.01,1.08,0,1.31,0,0,0,0,0,0,0.01,0,0,0
2026-05-20,6.7,2.13,4.24,0.44,-1.5,-0.05,1.43,0.6,2.98,0.43,-1.41,-0.03,0.4,1.53,1.26,0.01,-0.09,-0.02,1.03,0,0.87,0,0,0,0,0,0,0,0,0,0
2026-05-21,6.4,2.23,4.12,0.35,-1.59,-0.09,1.39,0.68,2.86,0.36,-1.38,-0.05,0.38,1.55,1.26,0,-0.21,-0.04,1,0,0.83,0,0,0,0,0,0,0,0,0,0
2026-05-22,5.5,1.86,3.86,0.28,-1.86,-0.1,1.49,0.39,2.62,0.3,-1.39,-0.05,0.45,1.47,1.24,-0.01,-0.47,-0.05,1.04,0,0.75,0,0,0,0,0,0,0,0,0,0
2026-05-26,3.6,1.76,2.86,0.11,-2.52,-0.07,1.46,0.3,1.67,0.14,-1.56,-0.04,0.45,1.46,1.19,-0.04,-0.96,-0.03,1.02,0,0.44,0,0,0,0,0,0,0,0,0,0
2026-05-27,2.9,1.79,2.38,-0.07,-2.46,-0.13,1.41,0.31,1.24,-0.01,-1.5,-0.06,0.43,1.47,1.15,-0.06,-0.96,-0.07,0.98,0,0.31,0,0,0,0,0,0,0,0,0,0
2026-05-28,2.2,1.74,1.81,-0.09,-2.49,-0.16,1.37,0.28,0.79,-0.02,-1.54,-0.07,0.4,1.46,1.03,-0.07,-0.95,-0.09,0.96,0,0.16,0,0,0,0,0,0,0,0,0,0
2026-05-29,2,1.74,1.7,-0.08,-2.45,-0.18,1.31,0.29,0.68,-0.02,-1.51,-0.08,0.37,1.46,1.02,-0.06,-0.95,-0.1,0.94,0,0.13,0,0,0,0,0,0,0,0,0,0
2026-06-01,2.2,1.6,2,0.02,-2.41,-0.13,1.15,0.19,0.89,0.06,-1.46,-0.05,0.23,1.41,1.11,-0.05,-0.94,-0.08,0.92,0,0.21,0,0,0,0,0,0,0,0,0,0
2026-06-02,1.7,1.55,1.71,0.01,-2.33,-0.15,0.95,0.16,0.66,0.05,-1.39,-0.06,0.08,1.39,1.05,-0.04,-0.93,-0.08,0.86,0,0.14,0,0,0,0,0,0,0,0,0,0
2026-06-03,3.3,1.58,2.05,0.05,-1.25,-0.13,1.01,0.17,0.91,0.09,-1.07,-0.05,0.11,1.41,1.14,-0.04,-0.18,-0.08,0.89,0,0.23,0,0,0,0,0,0,0.04,0,0,0
2026-06-04,2.1,1.33,1.65,-0.08,-1.53,-0.17,0.86,0,0.57,-0.02,-1.09,-0.07,0,1.33,1.08,-0.06,-0.45,-0.09,0.86,0,0.13,0,0,0,0,0,0,0,0,0,0
2026-06-05,5.7,1.19,2.89,0.09,0.31,0.64,0.57,-0.09,1.68,0.12,-0.17,0.5,-0.2,1.28,1.2,-0.03,0.48,0.14,0.77,0,0.42,0,0,0,0,0,0.21,0.01,0,0.24,0
2026-06-08,5.1,1.5,2.7,0.12,0.23,0.34,0.24,0.09,1.48,0.14,-0.18,0.28,-0.49,1.41,1.21,-0.02,0.41,0.06,0.74,0,0.4,0,0,0,0,0.02,0.1,0,0,0.19,0
2026-06-09,4.8,1.65,2.26,0.16,0.43,0.5,-0.17,0.21,1.09,0.17,-0.04,0.41,-0.89,1.44,1.18,-0.02,0.47,0.1,0.72,0,0.22,0,0,0,0,0.13,0.29,0.08,0,0.27,0
2026-06-10,5.9,1.34,2.16,-0.05,2.53,0.66,-0.74,-0.04,0.97,-0.01,1.88,0.51,-1.43,1.38,1.2,-0.04,0.65,0.15,0.69,0,0.23,0,0.01,0,0,0,0.16,0,1.37,0.21,0
2026-06-11,2.2,1.18,0.61,-0.15,1.57,0.37,-1.38,-0.15,-0.34,-0.08,1.12,0.29,-1.99,1.33,0.95,-0.07,0.45,0.08,0.61,0,0,0,0,0,0,0,0,0,1.08,0.17,0
2026-06-12,0.4,1.29,0.84,-0.17,0.25,0,-1.84,-0.1,-0.24,-0.1,-0.08,0,-2.35,1.39,1.09,-0.07,0.33,0,0.5,0,0,0,0,0,0,0,0,0,0,0,0
2026-06-15,-1.3,1.41,0.61,-0.17,-0.73,-0.12,-2.34,-0.03,-0.44,-0.1,-0.52,-0.05,-2.62,1.45,1.04,-0.07,-0.21,-0.07,0.29,0,0,0,0,0,0,0,0,0,0,0,0
2026-06-16,-2.2,1.19,0.01,-0.23,-0.26,-0.1,-2.85,-0.16,-0.85,-0.14,-0.31,-0.04,-2.63,1.35,0.87,-0.08,0.05,-0.06,-0.21,0,0,0,0,0,0,0,0,0,0,0,0
2026-06-17,-1,1.12,0.71,-0.15,0.46,0.11,-3.2,-0.2,-0.4,-0.09,0.1,0.07,-2.64,1.32,1.12,-0.06,0.36,0.04,-0.56,0,0,0,0,0,0,0,0,0,0,0,0
2026-06-18,-2.2,1.36,0.34,-0.27,-0.04,-0.09,-3.52,-0.07,-0.64,-0.17,-0.16,-0.03,-2.63,1.43,0.98,-0.1,0.12,-0.06,-0.89,0,0,0,0,0,0,0,0,0,0,0,0
2026-06-22,-1.2,1.42,0.93,-0.17,0.19,0,-3.61,-0.03,-0.23,-0.1,0,0.02,-2.64,1.45,1.16,-0.06,0.19,-0.02,-0.97,0,0,0,0,0,0,0,0,0,0,0,0
2026-06-23,-0.4,1.32,0.83,-0.2,1.1,0.27,-3.68,-0.07,-0.31,-0.13,0.56,0.19,-2.64,1.39,1.13,-0.07,0.54,0.08,-1.04,0,0,0,0,0,0,0,0,0,0.07,0,0
2026-06-24,-0.9,1.3,-0.21,-0.19,1.64,0.27,-3.71,-0.07,-0.95,-0.11,1.1,0.22,-2.65,1.37,0.74,-0.07,0.55,0.05,-1.07,0,0,0,0,0,0,0,0,0,0.51,0.08,0
2026-06-25,-1.5,0.82,-0.25,-0.22,1.62,0.27,-3.71,-0.34,-0.94,-0.13,1.07,0.22,-2.65,1.16,0.69,-0.09,0.56,0.06,-1.06,0,0,0,0,0,0,0,0,0,0.43,0.04,0
2026-06-26,-1.7,0.75,-0.36,-0.21,1.57,0.21,-3.7,-0.4,-0.96,-0.12,1,0.18,-2.66,1.15,0.6,-0.09,0.57,0.04,-1.04,0,0,0,0,0,0,0,0,0,0.27,0.01,0
2026-06-29,-2.7,0.82,-0.35,-0.17,0.63,0.07,-3.69,-0.34,-0.94,-0.09,0.36,0.08,-2.67,1.15,0.6,-0.08,0.27,-0.01,-1.02,0,0,0,0,0,0,0,0,0,0,0,0
2026-06-30,-2.4,0.82,0.45,-0.07,0.21,-0.07,-3.7,-0.33,-0.45,-0.02,0.11,-0.01,-2.67,1.15,0.89,-0.05,0.11,-0.06,-1.03,0,0,0,0,0,0,0,0,0,0,0,0
2026-07-01,-1.8,0.89,0.99,-0.15,0.29,-0.07,-3.71,-0.28,-0.1,-0.08,0.14,-0.02,-2.67,1.17,1.09,-0.08,0.15,-0.05,-1.03,0,0,0,0,0,0,0,0,0,0,0,0
2026-07-02,-2,0.84,1.06,-0.23,0.2,-0.12,-3.72,-0.31,-0.05,-0.13,0.05,-0.05,-2.67,1.15,1.12,-0.1,0.15,-0.07,-1.05,0,0,0,0,0,0,0,0,0,0,0,0
2026-07-06,-2.8,0.64,0.96,-0.22,-0.3,-0.17,-3.75,-0.45,-0.11,-0.12,-0.22,-0.08,-2.67,1.09,1.08,-0.1,-0.09,-0.09,-1.08,0,0,0,0,0,0,0,0,0,0,0,0
2026-07-07,-0.2,0.74,3.11,-0.1,-0.06,-0.14,-3.76,-0.37,1.89,-0.05,-0.13,-0.06,-2.67,1.11,1.22,-0.06,0.07,-0.07,-1.09,0,0.17,0,0,0,0,0,1.28,0,0,0,0
2026-07-08,-0.1,0.65,2.96,-0.05,0.11,-0.07,-3.69,-0.43,1.72,-0.01,-0.05,-0.04,-2.66,1.08,1.23,-0.04,0.16,-0.03,-1.04,0,0.2,0,0,0,0,0,1.01,0,0,0,0
2026-07-09,-1.6,0.47,2.28,-0.13,-0.49,-0.16,-3.61,-0.54,1.09,-0.06,-0.34,-0.08,-2.65,1,1.19,-0.07,-0.15,-0.08,-0.96,0,0.14,0,0,0,0,0,0.58,0,0,0,0
2026-07-10,-1.8,0.37,2.3,-0.11,-0.96,-0.22,-3.22,-0.59,1.07,-0.04,-0.55,-0.11,-2.32,0.96,1.22,-0.06,-0.41,-0.11,-0.9,0,0.21,0,0,0,0,0,0.35,0,0,0,0
2026-07-13,0.6,0.31,3.25,0.27,-0.32,-0.07,-2.82,-0.62,1.98,0.27,-0.32,-0.04,-1.95,0.93,1.27,0,0,-0.02,-0.88,0,0.45,0,0,0,0,0,0.49,0.06,0,0,0
2026-07-14,-0.7,0.18,2.2,0.21,-0.64,-0.12,-2.52,-0.7,0.96,0.23,-0.49,-0.07,-1.64,0.88,1.24,-0.02,-0.14,-0.05,-0.88,0,0.28,0,0,0,0,0,0,0.11,0,0,0
2026-07-15,-1.2,0.43,1.81,-0.11,-0.99,-0.18,-2.12,-0.57,0.64,-0.04,-0.62,-0.09,-1.26,1,1.17,-0.08,-0.37,-0.09,-0.86,0,0.17,0,0,0,0,0,0,0,0,0,0
2026-07-16,0.4,0.59,2.29,-0.11,-0.53,-0.1,-1.76,-0.47,1.06,-0.03,-0.48,-0.06,-0.91,1.06,1.22,-0.08,-0.06,-0.04,-0.85,0,0.31,0,0,0,0,0,0,0,0,0,0
2026-07-17,1.9,0.74,2.11,0.01,0.1,0.33,-1.43,-0.37,0.94,0.06,-0.16,0.27,-0.6,1.11,1.17,-0.05,0.26,0.06,-0.83,0,0.25,0,0,0,0,0,0,0,0,0.23,0
2026-07-20,3.2,0.73,3.03,0.1,0.23,0.27,-1.14,-0.35,1.78,0.14,-0.06,0.22,-0.34,1.08,1.25,-0.04,0.29,0.06,-0.8,0,0.53,0,0,0,0,0,0,0,0,0.17,0
2026-07-21,3.5,1.05,3.49,0.19,-0.3,-0.05,-0.93,-0.12,2.23,0.21,-0.33,-0.03,-0.13,1.18,1.26,-0.02,0.03,-0.03,-0.79,0,0.68,0,0,0,0,0,0,0,0,0,0
2026-07-22,5,1.19,4.03,0.25,-0.14,-0.08,-0.24,-0.04,2.76,0.26,-0.26,-0.04,0.49,1.24,1.26,-0.01,0.12,-0.05,-0.74,0,0.85,0,0,0,0,0,0,0,0,0,0.36
2026-07-23,8.7,2.39,4.49,0.42,1.16,0.23,0,0.96,3.22,0.39,0.74,0.17,0.66,1.44,1.27,0.03,0.42,0.06,-0.66,0,0.99,0,0,0,0,0.76,0,0,0.63,0.1,0.32
2026-07-24,7.8,1.81,4.15,0.28,1.19,0.23,0.15,0.53,2.88,0.29,0.8,0.18,0.77,1.28,1.26,-0.01,0.39,0.05,-0.62,0,0.88,0,0,0,0,0.43,0,0,0.71,0.12,0.26
2026-07-27,7.2,1.73,3.63,0.31,1.04,0.21,0.29,0.47,2.39,0.31,0.66,0.15,0.76,1.26,1.24,-0.01,0.38,0.06,-0.47,0,0.71,0,0,0,0,0.35,0,0,0.54,0.06,0.13
2026-07-28,6,1.79,3.01,0.25,0.53,0.09,0.34,0.41,1.8,0.26,0.17,0.06,0.78,1.38,1.22,-0.01,0.36,0.03,-0.44,0,0.52,0,0,0,0,0.14,0,0,0.11,0,0.05
2026-07-29,8.7,2.25,3.73,0.16,1.58,0.4,0.59,0.75,2.48,0.19,0.93,0.27,0.91,1.5,1.25,-0.03,0.65,0.13,-0.33,0,0.74,0,0.01,0,0,0.24,0,0,0.35,0.03,0.05
2026-07-30,7.5,2.35,3.83,0.28,0.4,-0.02,0.7,0.82,2.57,0.28,0.09,0.01,0.95,1.53,1.26,-0.01,0.31,-0.03,-0.25,0,0.78,0,0,0,0,0.11,0,0,0,0,0.01
2026-07-31,8.1,2.35,4.53,0.54,0.07,-0.11,0.77,0.82,3.25,0.47,-0.05,-0.03,0.97,1.53,1.28,0.06,0.12,-0.08,-0.21,0,1,0,0,0,0,0.05,0,0,0,0,0.02
2026-08-03,5.6,2.08,3.65,0.39,-1.16,-0.11,0.79,0.61,2.38,0.35,-0.48,-0.03,0.97,1.48,1.27,0.04,-0.67,-0.08,-0.18,0,0.72,0,0,0,0,0,0,0,0,0,0
2026-08-04,3.4,2.3,2.51,0.23,-1.97,-0.04,0.34,0.79,1.3,0.23,-1.02,0.01,0.72,1.52,1.21,0,-0.96,-0.05,-0.38,0,0.37,0,0,0,0,0,0,0,0,0,0
2026-08-05,3.9,2.32,2.34,0.07,-1.55,-0.1,0.85,0.81,1.14,0.1,-0.91,-0.01,0.97,1.51,1.21,-0.03,-0.64,-0.08,-0.12,0,0.32,0,0,0,0,0,0,0,0,0,0
2026-08-06,5.2,2.22,2.98,0.18,-1.34,-0.15,1.35,0.75,1.73,0.19,-0.84,-0.04,1.26,1.47,1.25,-0.01,-0.5,-0.11,0.09,0,0.52,0,0,0,0,0,0,0,0,0,0.05
2026-08-07,4.4,2.1,2.36,0.01,-2.03,-0.17,2.1,0.67,1.15,0.06,-1.07,-0.06,1.68,1.43,1.21,-0.05,-0.95,-0.11,0.41,0,0.33,0,0,0,0,0,0,0,0,0,0.27
2026-08-10,6.1,2.07,3.18,0.12,-1.77,-0.14,2.63,0.64,1.91,0.14,-1.08,-0.05,2.13,1.42,1.27,-0.02,-0.69,-0.09,0.5,0,0.58,0,0,0,0,0,0,0,0,0,0.54
2026-08-11,6.6,2.3,2.74,0.2,-1.46,-0.16,2.99,0.8,1.49,0.19,-0.98,-0.06,2.39,1.5,1.25,0.01,-0.47,-0.1,0.59,0,0.45,0,0,0,0,0,0,0,0,0,0.72
2026-08-12,5.5,2.26,2.33,-0.05,-1.74,-0.21,2.89,0.77,1.11,0,-1.08,-0.09,2.24,1.49,1.22,-0.05,-0.66,-0.12,0.65,0,0.32,0,0,0,0,0,0,0,0,0,0.48
2026-08-13,4.2,2.22,1.54,-0.13,-2.31,-0.21,3.12,0.73,0.36,-0.06,-1.35,-0.09,2.44,1.49,1.17,-0.07,-0.95,-0.12,0.68,0,0.1,0,0,0,0,0,0,0,0,0,0.58
2026-08-14,4.8,2.02,2.02,-0.13,-1.96,-0.24,3.08,0.58,0.8,-0.06,-1.34,-0.12,2.36,1.44,1.22,-0.07,-0.62,-0.12,0.72,0,0.23,0,0,0,0,0,0,0,0,0,0.41
2026-08-17,5.5,1.86,2.46,0.02,-1.48,-0.19,2.86,0.46,1.19,0.04,-1.22,-0.09,2.11,1.4,1.27,-0.02,-0.26,-0.1,0.74,0,0.36,0,0,0,0,0,0,0,0,0,0.09
2026-08-18,6.1,1.97,2.35,0.05,-0.93,-0.15,2.83,0.51,1.09,0.07,-1.01,-0.07,2.08,1.46,1.26,-0.02,0.08,-0.08,0.75,0,0.33,0,0,0,0,0,0,0.05,0,0,0
2026-08-19,4.4,1.66,1.44,-0.1,-1.22,-0.23,2.83,0.29,0.26,-0.04,-1.2,-0.12,2.08,1.38,1.17,-0.05,-0.02,-0.11,0.75,0,0.07,0,0,0,0,0,0,0,0,0,0
2026-08-20,5.4,1.64,1.84,-0.07,-0.67,-0.15,2.85,0.24,0.61,-0.03,-0.95,-0.08,2.08,1.4,1.23,-0.04,0.28,-0.07,0.77,0,0.18,0,0,0,0,0,0,0,0,0,0
2026-08-21,5.5,1.62,2.32,-0.08,-0.97,-0.22,2.82,0.2,1.04,-0.04,-1.13,-0.11,2.05,1.43,1.28,-0.04,0.16,-0.1,0.77,0,0.32,0,0,0,0,0,0,0,0,0,0
2026-08-24,5.3,1.36,2.12,-0.08,-0.72,-0.15,2.78,0.05,0.88,-0.05,-0.96,-0.08,2.01,1.31,1.24,-0.03,0.24,-0.08,0.77,0,0.11,0,0,0,0,0,0.51,0,0,0,0
2026-08-25,4,1.46,0.87,-0.13,-0.81,-0.18,2.76,0.06,-0.27,-0.08,-0.95,-0.08,1.99,1.39,1.14,-0.05,0.14,-0.09,0.78,0,0,0,0,0,0,0,0,0,0,0,0
2026-08-26,4.2,1.5,1.06,-0.19,-0.7,-0.19,2.73,0.08,-0.1,-0.12,-0.85,-0.09,1.95,1.42,1.16,-0.07,0.16,-0.1,0.78,0,0,0,0,0,0,0.03,0,0,0,0,0
2026-08-27,3.8,1.54,1.13,-0.18,-1.16,-0.23,2.66,0.11,-0.03,-0.11,-1.02,-0.11,1.89,1.43,1.16,-0.06,-0.14,-0.12,0.77,0,0,0,0,0,0,0.08,0,0,0,0,0
2026-08-28,5,1.21,2.36,-0.14,-0.84,-0.23,2.59,-0.09,1.1,-0.09,-0.79,-0.11,1.82,1.3,1.26,-0.05,-0.05,-0.12,0.77,0,0.23,0,0,0,0,0,0.35,0,0,0,0
2026-08-31,5.2,1.1,2.25,-0.04,-0.41,-0.18,2.52,-0.15,0.98,-0.02,-0.52,-0.08,1.74,1.25,1.28,-0.02,0.11,-0.11,0.78,0,0.3,0,0,0,0,0,0,0,0,0,0
2026-09-01,7.7,1.35,3.59,0.21,0.21,-0.06,2.39,-0.06,2.3,0.19,-0.12,0,1.61,1.41,1.29,0.02,0.32,-0.06,0.77,0,0.44,0,0,0,0,0,0.88,0.15,0,0,0
2026-09-02,6.7,1.33,2.67,0.35,0.06,-0.14,2.43,-0.09,1.39,0.31,-0.15,-0.04,1.65,1.41,1.29,0.04,0.21,-0.1,0.79,0,0.42,0,0,0,0,0,0.04,0.21,0,0,0
2026-09-03,5.4,0.87,2.92,-0.04,-0.63,-0.18,2.43,-0.28,1.64,-0.02,-0.33,-0.06,1.63,1.15,1.28,-0.02,-0.3,-0.12,0.79,0,0.35,0,0,0,0,0,0.48,0,0,0,0
2026-09-04,5.2,0.66,2.57,-0.07,-0.1,-0.16,2.33,-0.39,1.29,-0.03,-0.03,-0.04,1.53,1.04,1.28,-0.04,-0.07,-0.12,0.8,0,0.39,0,0,0,0,0,0,0,0,0,0
2026-09-08,6.6,1.09,2.89,0.04,0.47,0.01,2.08,-0.17,1.6,0.05,0.3,0.09,1.3,1.26,1.29,-0.01,0.17,-0.08,0.78,0,0.49,0,0,0,0,0,0,0,0,0.05,0
2026-09-09,7.4,1.21,3.27,0.08,0.84,0.16,1.83,-0.13,1.97,0.09,0.52,0.2,1.06,1.34,1.29,-0.01,0.31,-0.04,0.77,0,0.61,0,0,0,0,0,0,0,0,0.09,0
2026-09-10,9.4,1.25,4.79,0.34,1.22,0.35,1.45,-0.1,3.5,0.27,0.72,0.33,0.73,1.35,1.3,0.07,0.5,0.02,0.72,0,1.08,0,0,0,0,0,0,0,0,0.06,0
2026-09-11,8.3,1.41,4.84,0.35,0.61,0,1.14,-0.02,3.54,0.28,0.37,0.07,0.45,1.43,1.3,0.07,0.24,-0.07,0.68,0,1.1,0,0,0,0,0,0,0,0,0,0
