date,approve,disapprove,net,netLo,netHi
2025-01-21,51.62839,39.97147,11.65692,0.10130000000000194,23.21253
2025-01-22,51.62839,39.97147,11.65692,0.10130000000000194,23.21253
2025-01-23,52.44161,43.17908,9.262527,-0.6154500000000027,19.14053
2025-01-24,51.9109,43.42716,8.483742,-0.8051600000000008,17.772620000000003
2025-01-25,51.9109,43.42716,8.483742,-0.8051600000000008,17.772620000000003
2025-01-26,51.60608,43.73387,7.872208,-1.3263999999999996,17.070819999999998
2025-01-27,50.75071,43.54461,7.2061,-1.6287200000000013,16.040909999999997
2025-01-28,50.5603,43.64887,6.91143,-1.8228699999999947,15.64573
2025-01-29,50.45234,43.76417,6.688168,-2.0375200000000007,15.41386
2025-01-30,50.55085,43.67509,6.875759,-1.84131,15.59283
2025-01-31,49.88923,43.76733,6.121899,-2.561700000000002,14.805489999999999
2025-02-01,49.77596,43.94174,5.834221,-2.7895600000000016,14.458019999999998
2025-02-02,49.56835,44.43734,5.131012,-3.4212500000000006,13.683250000000001
2025-02-03,49.06934,45.00368,4.065659,-4.604140000000001,12.73545
2025-02-04,48.7685,45.06099,3.707512,-4.976850000000006,12.391870000000004
2025-02-05,48.64521,46.07553,2.569679,-6.092779999999998,11.23216
2025-02-06,48.58174,45.97654,2.605202,-5.968339999999998,11.178739999999998
2025-02-07,48.93139,46.16331,2.768078,-5.823419999999999,11.359580000000001
2025-02-08,48.93139,46.16331,2.768078,-5.823419999999999,11.359580000000001
2025-02-09,49.20401,46.42096,2.783051,-5.872959999999999,11.439050000000002
2025-02-10,49.28339,46.40575,2.87764,-5.766460000000002,11.52176
2025-02-11,48.9805,46.40917,2.571331,-6.218709999999994,11.36137
2025-02-12,49.07721,46.33083,2.74638,-6.036610000000003,11.52935
2025-02-13,49.46926,46.35511,3.114151,-5.683149999999998,11.911459999999998
2025-02-14,49.78413,46.23433,3.549801,-5.175239999999995,12.274839999999998
2025-02-15,49.78413,46.23433,3.549801,-5.175239999999995,12.274839999999998
2025-02-16,49.81136,46.47601,3.33535,-5.45881,12.1295
2025-02-17,48.97882,46.80212,2.176701,-6.5319199999999995,10.88534
2025-02-18,48.83451,47.10556,1.728951,-7.011409999999998,10.469299999999997
2025-02-19,48.81781,47.19585,1.62196,-7.101520000000001,10.34545
2025-02-20,48.57818,47.20779,1.370388,-7.472969999999997,10.21376
2025-02-21,48.70716,47.15341,1.553749,-7.243830000000003,10.351319999999994
2025-02-22,48.70716,47.15341,1.553749,-7.243830000000003,10.351319999999994
2025-02-23,48.52215,47.25496,1.267189,-7.656599999999997,10.190960000000004
2025-02-24,48.62353,47.35507,1.268463,-7.6285799999999995,10.165490000000005
2025-02-25,48.19157,46.50638,1.685192,-7.414569999999998,10.784939999999999
2025-02-26,47.69238,46.84249,0.8498878,-8.095579999999998,9.79535
2025-02-27,48.16257,47.08207,1.080502,-7.797350000000002,9.95834
2025-02-28,48.33131,47.11463,1.216679,-7.588540000000002,10.021900000000002
2025-03-01,48.26917,47.13979,1.129379,-7.671859999999995,9.930599999999998
2025-03-02,48.24833,47.25283,0.9954987,-7.737850000000002,9.728839999999998
2025-03-03,48.22008,47.3167,0.9033813,-7.834530000000001,9.641299999999994
2025-03-04,48.08179,47.43499,0.646801,-8.115740000000002,9.409329999999997
2025-03-05,48.04528,47.49095,0.5543289,-8.184350000000002,9.293
2025-03-06,48.04528,47.49095,0.5543289,-8.184350000000002,9.293
2025-03-07,48.10084,47.34626,0.7545815,-7.798500000000004,9.307650000000002
2025-03-08,48.08615,47.32513,0.7610207,-7.806429999999999,9.328479999999999
2025-03-09,48.08615,47.32513,0.7610207,-7.806429999999999,9.328479999999999
2025-03-10,47.87268,48.1039,-0.2312202,-8.858159999999998,8.395719999999997
2025-03-11,48.01125,48.05174,-0.0404892,-8.454079999999998,8.373109999999997
2025-03-12,47.80142,48.4408,-0.6393814,-9.063790000000004,7.785040000000002
2025-03-13,47.34944,49.03124,-1.681797,-10.50658,7.1429899999999975
2025-03-14,47.50919,48.91116,-1.40197,-10.086769999999994,7.282809999999998
2025-03-15,47.72628,48.74337,-1.01709,-9.821649999999998,7.78745
2025-03-16,47.68021,48.91003,-1.22982,-9.966610000000003,7.506990000000002
2025-03-17,47.53214,49.36317,-1.831032,-10.560269999999996,6.898209999999999
2025-03-18,47.55081,49.26982,-1.719009,-10.43123,6.993209999999998
2025-03-19,47.49081,49.65988,-2.169071,-10.78367,6.445530000000005
2025-03-20,47.39563,49.75119,-2.35556,-10.89112,6.1799800000000005
2025-03-21,47.48177,49.65436,-2.172592,-10.7348,6.389609999999998
2025-03-22,47.5351,49.56881,-2.03371,-10.719560000000001,6.652140000000003
2025-03-23,47.52748,49.58065,-2.053169,-10.719430000000003,6.6130799999999965
2025-03-24,47.52706,49.61984,-2.092777,-10.8264,6.640829999999994
2025-03-25,47.48824,49.64067,-2.152431,-10.75985,6.454979999999999
2025-03-26,47.66578,49.38222,-1.716442,-10.406710000000004,6.973839999999996
2025-03-27,47.37044,49.60704,-2.236599,-10.909420000000004,6.4362099999999955
2025-03-28,47.37019,49.59669,-2.226501,-10.857199999999999,6.404200000000003
2025-03-29,47.37019,49.59669,-2.226501,-10.857199999999999,6.404200000000003
2025-03-30,47.60534,49.78962,-2.18428,-10.956620000000001,6.588060000000006
2025-03-31,47.1512,49.71198,-2.56078,-11.454589999999996,6.333040000000004
2025-04-01,47.23803,49.75965,-2.521622,-11.430149999999998,6.386919999999996
2025-04-02,47.01505,50.05616,-3.041111,-11.92228,5.840049999999998
2025-04-03,46.61609,49.86424,-3.24815,-12.24915,5.752839999999999
2025-04-04,46.69425,49.88645,-3.192204,-12.150579999999998,5.7661799999999985
2025-04-05,46.77753,49.48341,-2.705879,-11.750130000000006,6.338359999999994
2025-04-06,46.77753,49.48341,-2.705879,-11.750130000000006,6.338359999999994
2025-04-07,46.59698,49.84406,-3.247078,-12.299710000000005,5.80556
2025-04-08,46.36172,50.16935,-3.807629,-12.55097,4.935720000000003
2025-04-09,45.6713,50.68967,-5.018372,-13.820859999999996,3.7841300000000047
2025-04-10,45.49072,50.68834,-5.19762,-14.225270000000002,3.8300199999999975
2025-04-11,45.52261,50.61037,-5.087761,-14.018549999999998,3.843029999999999
2025-04-12,45.52261,50.61037,-5.087761,-14.018549999999998,3.843029999999999
2025-04-13,45.69746,50.76309,-5.065628,-13.977179999999997,3.8459299999999956
2025-04-14,45.50497,50.84331,-5.338341,-13.893160000000002,3.216479999999997
2025-04-15,45.77077,50.49058,-4.71981,-13.517030000000005,4.077399999999997
2025-04-16,45.57057,50.554,-4.983429,-13.915150000000004,3.948279999999997
2025-04-17,45.54875,50.78891,-5.240158,-13.594000000000001,3.113679999999995
2025-04-18,45.62852,50.84605,-5.217529,-13.576709999999999,3.1416600000000017
2025-04-19,45.62852,50.84605,-5.217529,-13.576709999999999,3.1416600000000017
2025-04-20,45.57781,50.58267,-5.00486,-13.44652,3.4368100000000013
2025-04-21,45.57188,50.71266,-5.140781,-13.903089999999999,3.62153
2025-04-22,45.37512,50.80691,-5.431793,-14.107619999999997,3.2440500000000014
2025-04-23,44.77065,51.75135,-6.980701,-16.04103,2.0796199999999985
2025-04-24,44.65628,51.82948,-7.173199,-16.03866,1.6922700000000006
2025-04-25,44.39426,52.15824,-7.763981,-16.541739999999997,1.013770000000001
2025-04-26,44.38961,52.4029,-8.01329,-17.064590000000003,1.0380299999999991
2025-04-27,44.13982,53.19659,-9.05677,-18.23491,0.12134999999999962
2025-04-28,44.07494,53.3185,-9.243561,-18.3465,-0.14062999999999448
2025-04-29,43.58434,53.24288,-9.658543,-18.486380000000004,-0.8306900000000041
2025-04-30,43.76714,52.75912,-8.991982,-17.884859999999996,-0.09911999999999921
2025-05-01,43.91924,52.67301,-8.753773,-17.750930000000004,0.24337000000000586
2025-05-02,44.16411,52.42725,-8.263142,-17.313319999999997,0.7870500000000007
2025-05-03,44.17439,51.80098,-7.626591,-16.99111,1.7379399999999947
2025-05-04,44.17439,51.80098,-7.626591,-16.99111,1.7379399999999947
2025-05-05,44.19829,51.47165,-7.273357,-16.683969999999995,2.1372500000000016
2025-05-06,44.20853,51.52731,-7.318779,-16.798699999999997,2.16113
2025-05-07,44.21026,51.50815,-7.29789,-16.736200000000004,2.140419999999999
2025-05-08,44.26077,51.50791,-7.247143,-16.693469999999998,2.1991799999999984
2025-05-09,44.37271,51.58416,-7.211449,-16.78369,2.3607999999999976
2025-05-10,44.44425,51.27837,-6.834122,-16.340490000000003,2.672240000000002
2025-05-11,44.44425,51.27837,-6.834122,-16.340490000000003,2.672240000000002
2025-05-12,44.5688,51.26873,-6.699928,-16.297869999999996,2.8980000000000032
2025-05-13,44.72442,51.24622,-6.521801,-16.00244,2.958849999999998
2025-05-14,44.96555,51.18964,-6.224091,-15.500969999999995,3.0527800000000056
2025-05-15,44.95261,51.20525,-6.25264,-15.456479999999999,2.9512
2025-05-16,45.31767,51.09854,-5.780872,-15.211689999999997,3.649940000000001
2025-05-17,45.37041,50.90691,-5.536499,-14.975990000000003,3.903010000000002
2025-05-18,45.37041,50.90691,-5.536499,-14.975990000000003,3.903010000000002
2025-05-19,45.56319,50.81866,-5.25547,-14.43629,3.9253399999999985
2025-05-20,46.15147,50.40587,-4.254398,-13.981660000000005,5.472850000000001
2025-05-21,46.09607,50.77578,-4.67971,-14.336349999999996,4.976930000000003
2025-05-22,46.02513,50.8985,-4.873367,-14.456490000000002,4.70975
2025-05-23,45.95557,50.99088,-5.035309,-14.447690000000001,4.377090000000003
2025-05-24,45.95385,50.92148,-4.967628,-14.357819999999997,4.422559999999997
2025-05-25,45.95385,50.92148,-4.967628,-14.357819999999997,4.422559999999997
2025-05-26,46.07698,50.8042,-4.727219,-14.270630000000004,4.816189999999999
2025-05-27,46.07553,50.7822,-4.706669,-14.515119999999996,5.101790000000001
2025-05-28,46.23866,50.78482,-4.546162,-14.309790000000007,5.217460000000003
2025-05-29,46.02589,50.96757,-4.941681,-14.721969999999999,4.838610000000003
2025-05-30,45.9076,51.27956,-5.37196,-15.039540000000002,4.2956199999999995
2025-05-31,45.9076,51.27956,-5.37196,-15.039540000000002,4.2956199999999995
2025-06-01,45.9076,51.27956,-5.37196,-15.039540000000002,4.2956199999999995
2025-06-02,45.84019,50.67007,-4.82988,-14.662040000000005,5.002269999999996
2025-06-03,46.4903,50.17305,-3.682751,-13.663720000000005,6.298200000000001
2025-06-04,46.5542,50.1499,-3.595699,-13.504910000000002,6.313510000000001
2025-06-05,46.52064,50.20092,-3.680279,-13.50846,6.1479
2025-06-06,46.59631,50.08231,-3.486,-13.288260000000001,6.31626
2025-06-07,46.59631,50.08231,-3.486,-13.288260000000001,6.31626
2025-06-08,46.55487,50.49254,-3.937668,-14.03774,6.162410000000001
2025-06-09,46.61961,50.48277,-3.863159,-13.887500000000003,6.161189999999998
2025-06-10,46.5338,50.10598,-3.572182,-13.62379,6.479420000000005
2025-06-11,45.7652,50.08334,-4.318138,-15.224780000000003,6.588509999999999
2025-06-12,45.24525,50.68462,-5.439369,-17.151739999999997,6.272979999999997
2025-06-13,45.44925,50.5279,-5.078651,-16.845889999999997,6.688580000000002
2025-06-14,45.44925,50.5279,-5.078651,-16.845889999999997,6.688580000000002
2025-06-15,45.33545,50.80773,-5.472282,-17.0997,6.15513
2025-06-16,44.93036,51.36875,-6.438393,-17.407889999999995,4.531100000000002
2025-06-17,44.45401,52.08025,-7.62624,-18.47596,3.2234900000000053
2025-06-18,45.28555,51.52721,-6.241661,-17.28705,4.803730000000002
2025-06-19,45.71624,51.82945,-6.113209,-16.714820000000003,4.488399999999999
2025-06-20,46.05882,51.56765,-5.508831,-16.243030000000005,5.225369999999998
2025-06-21,46.05882,51.56765,-5.508831,-16.243030000000005,5.225369999999998
2025-06-22,46.77275,50.94884,-4.17609,-15.305240000000005,6.953060000000001
2025-06-23,45.93705,51.9781,-6.04105,-17.55187,5.469760000000001
2025-06-24,45.3207,52.34038,-7.01968,-18.473550000000003,4.434190000000001
2025-06-25,45.3147,52.26276,-6.948059,-18.36331,4.467179999999999
2025-06-26,45.31617,52.28615,-6.969982,-18.067800000000005,4.127859999999998
2025-06-27,45.42145,51.61077,-6.18932,-16.997449999999994,4.618809999999996
2025-06-28,45.42145,51.61077,-6.18932,-16.997449999999994,4.618809999999996
2025-06-29,45.42145,51.61077,-6.18932,-16.997449999999994,4.618809999999996
2025-06-30,45.47735,50.99075,-5.513401,-16.18801,5.16122
2025-07-01,45.19435,51.08479,-5.890438,-16.333779999999997,4.55292
2025-07-02,44.88764,51.40293,-6.515289,-16.806739999999998,3.7761600000000044
2025-07-03,44.85147,51.43267,-6.5812,-16.813499999999998,3.6510999999999996
2025-07-04,44.85147,51.43267,-6.5812,-16.813499999999998,3.6510999999999996
2025-07-05,44.85147,51.43267,-6.5812,-16.813499999999998,3.6510999999999996
2025-07-06,44.85147,51.43267,-6.5812,-16.813499999999998,3.6510999999999996
2025-07-07,44.86248,51.54952,-6.687038,-17.032429999999998,3.6583500000000058
2025-07-08,44.83948,51.58128,-6.741798,-16.971690000000002,3.4880899999999997
2025-07-09,44.80891,51.61864,-6.809731,-16.939460000000004,3.3200100000000035
2025-07-10,44.75904,51.67304,-6.913998,-16.94981,3.1218099999999964
2025-07-11,44.72254,51.44061,-6.718067,-16.57515,3.139009999999999
2025-07-12,44.67564,51.45148,-6.775841,-16.629080000000002,3.077379999999998
2025-07-13,44.67564,51.45148,-6.775841,-16.629080000000002,3.077379999999998
2025-07-14,44.5064,51.86045,-7.35405,-17.014849999999996,2.306750000000001
2025-07-15,44.36175,52.01043,-7.648678,-17.25741,1.9600599999999986
2025-07-16,44.05926,52.2956,-8.23634,-18.06279,1.5900999999999996
2025-07-17,43.78349,52.66333,-8.879841,-18.891280000000002,1.1315799999999996
2025-07-18,44.07179,52.76429,-8.692501,-18.76265,1.3776399999999995
2025-07-19,44.07179,52.76429,-8.692501,-18.76265,1.3776399999999995
2025-07-20,44.03109,53.10838,-9.07729,-19.193779999999997,1.039200000000001
2025-07-21,43.72446,53.47935,-9.75489,-20.14076,0.6309699999999978
2025-07-22,43.46236,53.8062,-10.34384,-20.23919,-0.4484899999999996
2025-07-23,43.78209,53.35548,-9.573391,-19.618450000000003,0.47165999999999997
2025-07-24,43.93604,53.39256,-9.45652,-19.217479999999995,0.3044299999999964
2025-07-25,44.57859,52.55592,-7.977329,-18.06568,2.1110299999999995
2025-07-26,44.57859,52.55592,-7.977329,-18.06568,2.1110299999999995
2025-07-27,44.57859,52.55592,-7.977329,-18.06568,2.1110299999999995
2025-07-28,44.65439,52.56554,-7.911152,-17.892319999999998,2.0700100000000035
2025-07-29,44.41754,52.77026,-8.352718,-18.379399999999997,1.6739499999999978
2025-07-30,44.28172,52.90098,-8.619263,-18.64204,1.4035300000000035
2025-07-31,44.17222,53.00957,-8.837353,-18.84811,1.1734000000000009
2025-08-01,44.36187,52.89017,-8.528301,-18.54681,1.4902099999999976
2025-08-02,44.36187,52.89017,-8.528301,-18.54681,1.4902099999999976
2025-08-03,44.36187,52.89017,-8.528301,-18.54681,1.4902099999999976
2025-08-04,44.2606,52.5351,-8.274498,-18.563270000000003,2.0142799999999994
2025-08-05,43.79611,52.67502,-8.87891,-19.16223,1.4044100000000057
2025-08-06,43.87662,52.6249,-8.74828,-18.888239999999996,1.3916799999999938
2025-08-07,44.04466,52.46973,-8.425072,-18.348329999999997,1.498190000000001
2025-08-08,43.93789,52.52631,-8.588421,-18.49855,1.3217199999999991
2025-08-09,43.93789,52.52631,-8.588421,-18.49855,1.3217199999999991
2025-08-10,43.93789,52.52631,-8.588421,-18.49855,1.3217199999999991
2025-08-11,44.03181,52.1997,-8.167889,-18.115940000000002,1.7801699999999983
2025-08-12,43.98732,52.25663,-8.26931,-18.10309,1.56447
2025-08-13,44.06721,52.23619,-8.16898,-18.057119999999998,1.7191699999999983
2025-08-14,43.5822,52.77971,-9.19751,-19.657429999999998,1.262430000000002
2025-08-15,43.72702,52.83274,-9.105721,-19.532500000000006,1.3210599999999957
2025-08-16,43.72702,52.83274,-9.105721,-19.532500000000006,1.3210599999999957
2025-08-17,43.72702,52.83274,-9.105721,-19.532500000000006,1.3210599999999957
2025-08-18,44.58305,51.97133,-7.388279,-18.43255,3.6559899999999956
2025-08-19,44.20662,52.25785,-8.051231,-19.0492,2.9467300000000023
2025-08-20,44.27113,52.19312,-7.921989,-18.9482,3.104230000000001
2025-08-21,43.97292,52.55719,-8.58427,-20.13908,2.970550000000003
2025-08-22,44.10796,52.37938,-8.27142,-19.740360000000003,3.197510000000001
2025-08-23,44.10796,52.37938,-8.27142,-19.740360000000003,3.197510000000001
2025-08-24,44.10796,52.37938,-8.27142,-19.740360000000003,3.197510000000001
2025-08-25,44.46113,52.088,-7.626873,-18.936080000000004,3.6823499999999996
2025-08-26,44.2031,52.51167,-8.308571,-19.38449,2.7673600000000036
2025-08-27,43.94563,52.51558,-8.56995,-19.39134,2.251429999999999
2025-08-28,43.91744,52.5896,-8.672161,-19.39942,2.055109999999999
2025-08-29,44.06219,51.96711,-7.904919,-18.543229999999994,2.733399999999996
2025-08-30,44.06219,51.96711,-7.904919,-18.543229999999994,2.733399999999996
2025-08-31,44.06219,51.96711,-7.904919,-18.543229999999994,2.733399999999996
2025-09-01,44.06219,51.96711,-7.904919,-18.543229999999994,2.733399999999996
2025-09-02,44.08476,51.69731,-7.612553,-18.04802,2.8229300000000066
2025-09-03,43.89992,51.72988,-7.82996,-17.972360000000002,2.3124499999999983
2025-09-04,44.42887,51.41316,-6.984287,-17.72388,3.7552900000000022
2025-09-05,44.33666,51.26554,-6.928883,-17.65992,3.8021499999999975
2025-09-06,44.33666,51.26554,-6.928883,-17.65992,3.8021499999999975
2025-09-07,44.41241,51.6804,-7.26799,-18.140279999999997,3.604300000000002
2025-09-08,44.40029,51.70724,-7.30695,-18.06722,3.453320000000005
2025-09-09,44.18929,51.78542,-7.59613,-18.028459999999995,2.836190000000002
2025-09-10,44.19972,51.8439,-7.64418,-18.037909999999997,2.749539999999996
2025-09-11,44.335,51.97995,-7.644951,-17.785509999999995,2.4956300000000056
2025-09-12,44.58268,51.83076,-7.248081,-17.18985,2.6936900000000037
2025-09-13,44.58268,51.83076,-7.248081,-17.18985,2.6936900000000037
2025-09-14,44.58268,51.83076,-7.248081,-17.18985,2.6936900000000037
2025-09-15,44.59968,51.9264,-7.326717,-17.198829999999994,2.5453800000000015
2025-09-16,44.30514,52.17233,-7.867188,-18.089669999999998,2.3552800000000005
2025-09-17,44.35004,52.19464,-7.844601,-18.0064,2.3171800000000005
2025-09-18,44.51647,52.14977,-7.633297,-17.800079999999994,2.533470000000001
2025-09-19,44.89447,52.35304,-7.458569,-18.186240000000005,3.2691000000000017
2025-09-20,44.89447,52.35304,-7.458569,-18.186240000000005,3.2691000000000017
2025-09-21,44.89447,52.35304,-7.458569,-18.186240000000005,3.2691000000000017
2025-09-22,44.32733,52.85152,-8.524189,-19.2468,2.198440000000005
2025-09-23,43.87183,53.27336,-9.401531,-20.02624,1.2231999999999985
2025-09-24,43.40615,53.37177,-9.965618,-20.375970000000002,0.44472999999999985
2025-09-25,43.57207,53.18896,-9.61689,-19.913040000000002,0.6792599999999993
2025-09-26,43.72626,53.14685,-9.420589,-19.78624,0.9450700000000012
2025-09-27,43.72626,53.14685,-9.420589,-19.78624,0.9450700000000012
2025-09-28,43.72626,53.14685,-9.420589,-19.78624,0.9450700000000012
2025-09-29,43.89839,53.00058,-9.102188,-19.73102,1.5266500000000036
2025-09-30,43.10798,53.41122,-10.30324,-20.072810000000004,-0.5336799999999968
2025-10-01,43.66993,52.97147,-9.30154,-19.889610000000005,1.2865399999999951
2025-10-02,43.31681,52.83426,-9.517448,-19.98066,0.9457499999999968
2025-10-03,43.4701,52.79912,-9.329021,-19.880309999999994,1.2222899999999939
2025-10-04,43.4701,52.79912,-9.329021,-19.880309999999994,1.2222899999999939
2025-10-05,43.46202,53.18977,-9.727749,-20.41323,0.9577499999999972
2025-10-06,43.58156,52.45383,-8.872272,-19.356659999999998,1.6121200000000044
2025-10-07,43.43106,52.58283,-9.151768,-19.698430000000002,1.3948899999999966
2025-10-08,43.32488,52.6919,-9.36702,-19.735119999999995,1.0010699999999986
2025-10-09,43.41287,52.67481,-9.26194,-19.668509999999998,1.1446399999999954
2025-10-10,43.85495,52.27798,-8.423031,-19.253819999999997,2.4077699999999993
2025-10-11,43.85495,52.27798,-8.423031,-19.253819999999997,2.4077699999999993
2025-10-12,43.85495,52.27798,-8.423031,-19.253819999999997,2.4077699999999993
2025-10-13,43.93152,52.33584,-8.40432,-19.462450000000004,2.65381
2025-10-14,44.1718,52.07883,-7.907032,-18.51081,2.6967500000000015
2025-10-15,44.17411,52.15405,-7.979939,-18.3619,2.4020200000000003
2025-10-16,44.21528,52.05922,-7.843941,-18.27304,2.585160000000002
2025-10-17,44.33504,51.87089,-7.535851,-18.627409999999998,3.555720000000001
2025-10-18,44.33504,51.87089,-7.535851,-18.627409999999998,3.555720000000001
2025-10-19,44.33504,51.87089,-7.535851,-18.627409999999998,3.555720000000001
2025-10-20,44.30328,51.93825,-7.634972,-18.59106,3.3211199999999934
2025-10-21,43.75402,52.92032,-9.166298,-20.243319999999997,1.9107199999999978
2025-10-22,43.53077,53.06733,-9.53656,-20.23943,1.1663100000000028
2025-10-23,43.54811,53.10984,-9.561729,-20.23393,1.1104800000000026
2025-10-24,43.70021,52.90992,-9.209709,-20.057750000000006,1.6383300000000034
2025-10-25,43.70021,52.90992,-9.209709,-20.057750000000006,1.6383300000000034
2025-10-26,43.76201,53.08498,-9.322971,-19.995019999999997,1.3490699999999975
2025-10-27,43.82555,53.07344,-9.24789,-19.800430000000006,1.3046500000000023
2025-10-28,43.33384,53.664,-10.33016,-20.84644,0.1861200000000025
2025-10-29,43.23124,53.88707,-10.65583,-21.071109999999997,-0.24054999999999893
2025-10-30,43.25963,53.93645,-10.67682,-20.92638,-0.42727000000000004
2025-10-31,43.13808,53.8937,-10.75562,-20.872859999999996,-0.6383700000000019
2025-11-01,43.13808,53.8937,-10.75562,-20.872859999999996,-0.6383700000000019
2025-11-02,42.86601,54.63578,-11.76977,-21.69815,-1.8414099999999962
2025-11-03,42.22298,54.96059,-12.73761,-22.865070000000003,-2.6101600000000005
2025-11-04,42.20548,54.97978,-12.7743,-22.95659,-2.592010000000002
2025-11-05,42.08683,55.06602,-12.97919,-22.97441,-2.98395
2025-11-06,42.09183,55.06969,-12.97786,-22.95568,-3.0000500000000017
2025-11-07,41.90177,54.39793,-12.49616,-22.511920000000003,-2.480409999999999
2025-11-08,41.90177,54.39793,-12.49616,-22.511920000000003,-2.480409999999999
2025-11-09,41.90177,54.39793,-12.49616,-22.511920000000003,-2.480409999999999
2025-11-10,41.93528,54.35015,-12.41487,-22.100360000000002,-2.729380000000006
2025-11-11,41.87644,54.38862,-12.51218,-22.109610000000004,-2.914749999999998
2025-11-12,41.42052,54.98133,-13.56081,-23.73858,-3.3830600000000004
2025-11-13,41.25583,54.95828,-13.70245,-23.67038,-3.7345299999999995
2025-11-14,41.41002,54.84733,-13.43731,-23.612659999999998,-3.261960000000002
2025-11-15,41.41002,54.84733,-13.43731,-23.612659999999998,-3.261960000000002
2025-11-16,41.41002,54.84733,-13.43731,-23.612659999999998,-3.261960000000002
2025-11-17,41.65916,54.66748,-13.00832,-23.515590000000003,-2.5010400000000033
2025-11-18,41.62681,55.02597,-13.39916,-23.320119999999996,-3.478200000000001
2025-11-19,41.52448,55.33823,-13.81375,-23.538740000000004,-4.088760000000001
2025-11-20,41.49535,55.56133,-14.06598,-23.415110000000006,-4.716849999999994
2025-11-21,41.21164,55.92169,-14.71005,-24.59323,-4.826879999999996
2025-11-22,41.21164,55.92169,-14.71005,-24.59323,-4.826879999999996
2025-11-23,41.25238,56.21013,-14.95775,-24.859210000000004,-5.056310000000003
2025-11-24,41.35768,55.61026,-14.25258,-24.457639999999998,-4.047519999999999
2025-11-25,41.05623,55.35098,-14.29475,-24.553790000000006,-4.035710000000002
2025-11-26,41.18801,55.26289,-14.07488,-24.30581,-3.8439600000000027
2025-11-27,41.18801,55.26289,-14.07488,-24.30581,-3.8439600000000027
2025-11-28,41.18801,55.26289,-14.07488,-24.30581,-3.8439600000000027
2025-11-29,41.18801,55.26289,-14.07488,-24.30581,-3.8439600000000027
2025-11-30,41.03797,55.38687,-14.3489,-24.6869,-4.010910000000003
2025-12-01,41.44053,54.51866,-13.07813,-23.623740000000005,-2.532510000000002
2025-12-02,41.31932,54.78024,-13.46092,-23.95364,-2.968219999999995
2025-12-03,41.25515,54.88178,-13.62663,-24.01652,-3.2367499999999936
2025-12-04,41.41621,55.04012,-13.62391,-23.848460000000003,-3.3993800000000007
2025-12-05,41.33215,55.11102,-13.77887,-23.873910000000002,-3.6838399999999965
2025-12-06,41.33215,55.11102,-13.77887,-23.873910000000002,-3.6838399999999965
2025-12-07,41.33215,55.11102,-13.77887,-23.873910000000002,-3.6838399999999965
2025-12-08,42.01333,54.38997,-12.37664,-22.538270000000004,-2.2150000000000034
2025-12-09,42.21404,54.3531,-12.13906,-21.86743,-2.4106899999999953
2025-12-10,42.59184,53.97759,-11.38575,-21.064069999999994,-1.7074399999999983
2025-12-11,42.42676,54.21035,-11.78359,-22.01119,-1.5559900000000013
2025-12-12,42.77669,53.98993,-11.21324,-21.29027,-1.1362200000000016
2025-12-13,42.77669,53.98993,-11.21324,-21.29027,-1.1362200000000016
2025-12-14,42.77669,53.98993,-11.21324,-21.29027,-1.1362200000000016
2025-12-15,42.71596,53.90601,-11.19005,-21.051139999999997,-1.3289700000000053
2025-12-16,42.989,54.19288,-11.20388,-20.49467,-1.9130800000000008
2025-12-17,42.78566,54.24557,-11.45991,-20.339959999999998,-2.5798599999999965
2025-12-18,42.50414,54.1212,-11.61706,-20.47437,-2.759749999999997
2025-12-19,41.95311,54.79041,-12.8373,-22.282040000000002,-3.392559999999996
2025-12-20,41.95311,54.79041,-12.8373,-22.282040000000002,-3.392559999999996
2025-12-21,41.99435,55.08414,-13.08979,-22.59695,-3.5826300000000018
2025-12-22,42.10387,54.30928,-12.20541,-23.36831,-1.0424999999999969
2025-12-23,41.93019,54.46436,-12.53417,-23.668259999999997,-1.4000699999999995
2025-12-24,41.98214,54.47967,-12.49753,-23.619320000000002,-1.3757500000000036
2025-12-25,41.98214,54.47967,-12.49753,-23.619320000000002,-1.3757500000000036
2025-12-26,41.8275,54.54027,-12.71277,-23.75929,-1.6662600000000012
2025-12-27,41.8275,54.54027,-12.71277,-23.75929,-1.6662600000000012
2025-12-28,41.8275,54.54027,-12.71277,-23.75929,-1.6662600000000012
2025-12-29,41.70864,54.67513,-12.96649,-24.188610000000004,-1.7443700000000035
2025-12-30,42.22905,53.85251,-11.62346,-23.89423,0.6473000000000013
2025-12-31,42.28989,53.62005,-11.33016,-23.508399999999995,0.848080000000003
2026-01-01,42.24879,53.67521,-11.42642,-23.503969999999995,0.651139999999998
2026-01-02,41.88552,54.12823,-12.24271,-24.548659999999998,0.06324999999999648
2026-01-03,41.88552,54.12823,-12.24271,-24.548659999999998,0.06324999999999648
2026-01-04,41.88552,54.12823,-12.24271,-24.548659999999998,0.06324999999999648
2026-01-05,42.06428,53.94555,-11.88127,-23.612990000000003,-0.14954000000000178
2026-01-06,41.9831,54.00198,-12.01888,-23.354779999999998,-0.6829800000000006
2026-01-07,42.0801,54.29889,-12.21879,-23.40441,-1.0331800000000015
2026-01-08,42.07881,54.24537,-12.16656,-23.312380000000005,-1.0207399999999964
2026-01-09,42.14285,54.2269,-12.08405,-23.029049999999998,-1.1390600000000006
2026-01-10,42.14285,54.2269,-12.08405,-23.029049999999998,-1.1390600000000006
2026-01-11,42.14285,54.2269,-12.08405,-23.029049999999998,-1.1390600000000006
2026-01-12,42.21446,54.18517,-11.97071,-22.284439999999996,-1.6569799999999972
2026-01-13,42.24688,53.96208,-11.7152,-21.81109,-1.6193099999999987
2026-01-14,42.30604,54.51935,-12.21331,-21.833800000000004,-2.59281
2026-01-15,42.31717,54.65871,-12.34154,-21.754659999999994,-2.9284199999999956
2026-01-16,41.917,55.00893,-13.09193,-22.76404,-3.4198099999999982
2026-01-17,42.05092,54.99606,-12.94514,-22.506459999999997,-3.38382
2026-01-18,42.10472,55.21069,-13.10597,-22.69229,-3.5196499999999986
2026-01-19,42.10739,55.16016,-13.05277,-22.631389999999996,-3.474160000000005
2026-01-20,41.96344,55.05431,-13.09087,-22.701439999999998,-3.4802900000000037
2026-01-21,41.61771,55.51595,-13.89824,-23.91841,-3.878079999999997
2026-01-22,41.04065,55.53888,-14.49823,-24.10338,-4.8930600000000055
2026-01-23,41.25187,55.33061,-14.07874,-23.89559,-4.261879999999998
2026-01-24,41.25187,55.33061,-14.07874,-23.89559,-4.261879999999998
2026-01-25,41.25187,55.33061,-14.07874,-23.89559,-4.261879999999998
2026-01-26,40.95244,55.66867,-14.71623,-24.436570000000003,-4.99588
2026-01-27,41.01402,55.53128,-14.51726,-24.15668,-4.877840000000006
2026-01-28,41.34869,55.53038,-14.18169,-23.40121,-4.962180000000004
2026-01-29,41.23685,55.83422,-14.59737,-23.962359999999997,-5.232369999999996
2026-01-30,41.4057,55.71899,-14.31329,-23.849809999999998,-4.776780000000002
2026-01-31,41.4057,55.71899,-14.31329,-23.849809999999998,-4.776780000000002
2026-02-01,41.15813,55.77662,-14.61849,-24.127390000000005,-5.1096
2026-02-02,41.50998,55.2107,-13.70072,-23.14671,-4.254739999999998
2026-02-03,41.90151,54.84449,-12.94298,-22.734540000000003,-3.1514099999999985
2026-02-04,41.62866,55.0004,-13.37174,-22.93978,-3.80368
2026-02-05,41.37934,55.12353,-13.74419,-23.201919999999994,-4.286469999999994
2026-02-06,41.50101,55.14948,-13.64847,-23.12005,-4.176870000000001
2026-02-07,41.48182,55.18785,-13.70603,-23.16966,-4.242399999999996
2026-02-08,41.48182,55.18785,-13.70603,-23.16966,-4.242399999999996
2026-02-09,41.15752,55.32386,-14.16634,-23.53595,-4.79674
2026-02-10,40.93466,55.29668,-14.36202,-23.735,-4.989040000000003
2026-02-11,41.0978,55.49059,-14.39279,-23.69775,-5.087820000000001
2026-02-12,40.87651,55.7084,-14.83189,-24.55558,-5.1081900000000005
2026-02-13,40.4801,55.44736,-14.96726,-25.097680000000004,-4.836840000000002
2026-02-14,40.4801,55.44736,-14.96726,-25.097680000000004,-4.836840000000002
2026-02-15,40.52621,55.50608,-14.97987,-25.181019999999997,-4.778729999999996
2026-02-16,40.61422,55.43908,-14.82486,-25.026709999999994,-4.6229999999999976
2026-02-17,40.77802,55.62761,-14.84959,-25.10573,-4.593450000000004
2026-02-18,40.88598,55.58706,-14.70108,-25.05247,-4.3496900000000025
2026-02-19,41.38038,54.9933,-13.61292,-25.204009999999997,-2.0218299999999942
2026-02-20,41.45301,54.9987,-13.54569,-24.938380000000002,-2.1529900000000026
2026-02-21,41.45301,54.9987,-13.54569,-24.938380000000002,-2.1529900000000026
2026-02-22,41.43612,55.11864,-13.68252,-25.011270000000003,-2.3537800000000004
2026-02-23,41.21049,55.65045,-14.43996,-26.304739999999995,-2.57517
2026-02-24,41.34234,55.6451,-14.30276,-25.58871,-3.0168099999999995
2026-02-25,41.45675,55.57756,-14.12081,-25.33507,-2.906569999999995
2026-02-26,42.18654,55.28035,-13.09381,-24.669939999999997,-1.5176599999999993
2026-02-27,42.04639,55.42039,-13.374,-24.710389999999997,-2.037610000000001
2026-02-28,42.04639,55.42039,-13.374,-24.710389999999997,-2.037610000000001
2026-03-01,42.04564,55.51136,-13.46572,-24.66559,-2.2658599999999964
2026-03-02,42.21197,54.92691,-12.71494,-23.691580000000002,-1.7383100000000056
2026-03-03,42.03161,55.03741,-13.0058,-23.944029999999998,-2.0675799999999995
2026-03-04,42.48022,54.93176,-12.45154,-22.86526,-2.0378199999999964
2026-03-05,41.87806,54.65154,-12.77348,-23.620269999999998,-1.9266999999999967
2026-03-06,41.86022,54.65548,-12.79526,-23.565179999999998,-2.02534
2026-03-07,41.86022,54.65548,-12.79526,-23.565179999999998,-2.02534
2026-03-08,41.94938,54.62543,-12.67605,-23.25703,-2.095079999999996
2026-03-09,41.31487,54.93129,-13.61642,-24.23164,-3.0012000000000043
2026-03-10,41.37852,54.83513,-13.45661,-23.935270000000003,-2.97795
2026-03-11,41.06441,54.93711,-13.8727,-24.2964,-3.448999999999998
2026-03-12,41.03329,54.96659,-13.9333,-24.23861,-3.627980000000001
2026-03-13,40.7053,54.89938,-14.19408,-24.380090000000003,-4.0080699999999965
2026-03-14,40.93003,54.73565,-13.80562,-23.92913,-3.6821000000000055
2026-03-15,40.93003,54.73565,-13.80562,-23.92913,-3.6821000000000055
2026-03-16,40.87589,55.01601,-14.14012,-24.07985,-4.200400000000002
2026-03-17,40.67525,54.99303,-14.31778,-24.051900000000003,-4.583659999999995
2026-03-18,40.2284,55.48332,-15.25492,-25.044600000000003,-5.465229999999998
2026-03-19,40.4072,55.61576,-15.20856,-24.8397,-5.577420000000004
2026-03-20,40.56774,55.64964,-15.0819,-24.24259,-5.921210000000002
2026-03-21,40.56774,55.64964,-15.0819,-24.24259,-5.921210000000002
2026-03-22,40.42904,56.13393,-15.70489,-25.35026,-6.059519999999999
2026-03-23,40.40491,56.29411,-15.8892,-25.41214,-6.366259999999997
2026-03-24,40.02655,56.62035,-16.5938,-26.26323,-6.9243900000000025
2026-03-25,40.04237,56.7716,-16.72923,-26.05025,-7.408209999999997
2026-03-26,40.10165,56.71764,-16.61599,-25.96035,-7.271630000000002
2026-03-27,40.14414,56.73922,-16.59508,-25.954340000000002,-7.235819999999997
2026-03-28,40.14414,56.73922,-16.59508,-25.954340000000002,-7.235819999999997
2026-03-29,40.14414,56.73922,-16.59508,-25.954340000000002,-7.235819999999997
2026-03-30,39.85393,56.88103,-17.0271,-26.691650000000003,-7.362550000000006
2026-03-31,39.70806,56.56165,-16.85359,-26.816630000000004,-6.890539999999994
2026-04-01,39.53173,56.80835,-17.27662,-27.635490000000004,-6.917749999999998
2026-04-02,39.72491,56.64142,-16.91651,-27.318380000000005,-6.514650000000003
2026-04-03,39.44855,56.91437,-17.46582,-27.775139999999993,-7.156509999999997
2026-04-04,39.44855,56.91437,-17.46582,-27.775139999999993,-7.156509999999997
2026-04-05,39.44855,56.91437,-17.46582,-27.775139999999993,-7.156509999999997
2026-04-06,39.76783,56.70943,-16.9416,-27.447649999999996,-6.435549999999999
2026-04-07,39.89987,56.1819,-16.28203,-26.57345,-5.99062
2026-04-08,39.53211,56.47464,-16.94253,-26.76759,-7.117470000000004
2026-04-09,39.5354,56.67849,-17.14309,-26.825160000000004,-7.461019999999998
2026-04-10,39.56138,56.58129,-17.01991,-26.748979999999996,-7.290840000000003
2026-04-11,39.56138,56.58129,-17.01991,-26.748979999999996,-7.290840000000003
2026-04-12,39.6376,56.84645,-17.20885,-27.04088,-7.376830000000005
2026-04-13,39.6255,56.81752,-17.19202,-26.922919999999998,-7.461120000000001
2026-04-14,39.54601,56.695,-17.14899,-26.776229999999998,-7.521770000000004
2026-04-15,39.69151,56.40116,-16.70965,-26.055030000000002,-7.364269999999998
2026-04-16,39.759,56.34039,-16.58139,-25.985350000000004,-7.177429999999994
2026-04-17,39.83741,56.26871,-16.4313,-25.866979999999998,-6.9956299999999985
2026-04-18,39.83741,56.26871,-16.4313,-25.866979999999998,-6.9956299999999985
2026-04-19,39.67382,56.44959,-16.77577,-26.44885,-7.102690000000003
2026-04-20,40.0697,56.26961,-16.19991,-25.72602,-6.673789999999997
2026-04-21,39.30342,56.86145,-17.55803,-27.642960000000002,-7.473089999999999
2026-04-22,38.826,57.6234,-18.7974,-29.537439999999997,-8.057360000000003
2026-04-23,38.96533,57.75173,-18.7864,-28.981810000000003,-8.590980000000002
2026-04-24,39.1582,57.6536,-18.4954,-28.701700000000002,-8.289119999999997
2026-04-25,39.1582,57.6536,-18.4954,-28.701700000000002,-8.289119999999997
2026-04-26,39.1582,57.6536,-18.4954,-28.701700000000002,-8.289119999999997
2026-04-27,39.40571,57.45837,-18.05266,-28.562259999999995,-7.54307
2026-04-28,39.24376,57.48945,-18.24569,-28.8333,-7.658090000000001
2026-04-29,39.4491,57.1122,-17.6631,-28.07483,-7.251370000000001
2026-04-30,39.45932,57.01921,-17.55989,-27.9369,-7.182870000000001
2026-05-01,39.08748,57.53049,-18.44301,-28.963210000000004,-7.922809999999998
2026-05-02,39.08748,57.53049,-18.44301,-28.963210000000004,-7.922809999999998
2026-05-03,39.08748,57.53049,-18.44301,-28.963210000000004,-7.922809999999998
2026-05-04,39.0491,57.6504,-18.6013,-28.74149,-8.461120000000001
2026-05-05,39.04836,57.47286,-18.4245,-28.545029999999997,-8.303970000000007
2026-05-06,38.96943,57.56317,-18.59374,-28.539359999999995,-8.648139999999998
2026-05-07,38.96943,57.56317,-18.59374,-28.539359999999995,-8.648139999999998
2026-05-08,38.82374,57.7697,-18.94596,-28.6483,-9.24362
2026-05-09,38.82374,57.7697,-18.94596,-28.6483,-9.24362
2026-05-10,38.82374,57.7697,-18.94596,-28.6483,-9.24362
2026-05-11,38.80543,57.86335,-19.05792,-29.05784,-9.057990000000004
2026-05-12,38.53104,58.11514,-19.5841,-29.21776,-9.95044
2026-05-13,38.52935,58.10977,-19.58042,-29.197809999999997,-9.963019999999993
2026-05-14,38.52935,58.10977,-19.58042,-29.197809999999997,-9.963019999999993
2026-05-15,38.47079,58.27962,-19.80883,-29.3144,-10.303269999999998
2026-05-16,38.47079,58.27962,-19.80883,-29.3144,-10.303269999999998
2026-05-17,38.49928,58.57935,-20.08007,-29.778800000000004,-10.381340000000002
2026-05-18,38.41823,58.5561,-20.13787,-29.54969,-10.726049999999994
2026-05-19,38.35833,58.57167,-20.21334,-29.39996,-11.026709999999994
2026-05-20,38.51088,58.35501,-19.84413,-28.95565,-10.732599999999998
2026-05-21,38.29062,58.4934,-20.20278,-29.609650000000002,-10.795900000000003
2026-05-22,38.80492,58.10279,-19.29787,-29.013489999999997,-9.582259999999998
2026-05-23,38.80492,58.10279,-19.29787,-29.013489999999997,-9.582259999999998
2026-05-24,38.86402,58.05514,-19.19112,-28.821999999999996,-9.560249999999996
2026-05-25,38.87349,58.05514,-19.18165,-28.820189999999997,-9.543109999999999
2026-05-26,38.89331,58.03261,-19.1393,-28.63668,-9.641930000000002
2026-05-27,38.63374,58.03919,-19.40545,-29.026880000000006,-9.784009999999995
2026-05-28,38.48932,57.85847,-19.36915,-29.061299999999996,-9.677
2026-05-29,38.47689,57.855,-19.37811,-28.982299999999995,-9.77391
2026-05-30,38.47689,57.855,-19.37811,-28.982299999999995,-9.77391
2026-05-31,38.60836,57.74023,-19.13187,-28.75222,-9.511520000000004
2026-06-01,38.51324,57.55786,-19.04462,-28.60017,-9.489069999999998
2026-06-02,38.59551,57.56577,-18.97026,-28.727959999999996,-9.21257
2026-06-03,38.55532,57.72229,-19.16697,-28.898940000000003,-9.434989999999999
2026-06-04,38.87171,57.51098,-18.63927,-28.085589999999996,-9.19296
2026-06-05,38.98804,57.45648,-18.46844,-27.889309999999995,-9.047580000000004
2026-06-06,38.98804,57.45648,-18.46844,-27.889309999999995,-9.047580000000004
2026-06-07,38.99933,57.42728,-18.42795,-27.70774,-9.14817
2026-06-08,38.62694,57.92598,-19.29904,-29.136129999999994,-9.461959999999998
2026-06-09,38.46729,57.92912,-19.46183,-29.232870000000005,-9.690790000000007
2026-06-10,38.74722,57.91206,-19.16484,-28.91729,-9.412410000000001
2026-06-11,38.88708,57.76714,-18.88006,-28.52156,-9.238569999999996
2026-06-12,38.76539,57.96231,-19.19692,-28.43193,-9.9619
2026-06-13,38.62141,58.10323,-19.48182,-28.548009999999998,-10.41565
2026-06-14,38.57901,58.13877,-19.55976,-28.41735,-10.702190000000002
2026-06-15,38.59803,58.12849,-19.53046,-28.51921,-10.541690000000003
2026-06-16,38.76577,57.84352,-19.07775,-27.81451,-10.340989999999998
2026-06-17,38.88559,57.8347,-18.94911,-27.67134,-10.226869999999998
2026-06-18,38.60933,58.02405,-19.41472,-27.82302,-11.006410000000002
2026-06-19,39.14975,57.79478,-18.64503,-27.23805,-10.052
2026-06-20,39.14975,57.79478,-18.64503,-27.23805,-10.052
2026-06-21,39.16558,58.09575,-18.93017,-27.57835,-10.281999999999996
2026-06-22,38.82915,58.3732,-19.54405,-29.043679999999995,-10.044419999999995
2026-06-23,38.77928,58.11727,-19.33799,-29.071959999999997,-9.604019999999998
2026-06-24,38.8314,58.10278,-19.27138,-28.626130000000003,-9.916629999999998
2026-06-25,39.43351,57.56636,-18.13285,-27.950089999999996,-8.31561
2026-06-26,39.59198,57.38088,-17.7889,-27.843990000000005,-7.733809999999998
2026-06-27,39.59198,57.38088,-17.7889,-27.843990000000005,-7.733809999999998
2026-06-28,39.59198,57.38088,-17.7889,-27.843990000000005,-7.733809999999998
2026-06-29,39.5026,57.40963,-17.90703,-28.04956,-7.764499999999998
2026-06-30,39.57876,57.43319,-17.85443,-27.896259999999998,-7.812599999999996
2026-07-01,39.44719,57.50394,-18.05675,-27.951730000000005,-8.16178
2026-07-02,39.31161,57.23874,-17.92713,-28.05733,-7.79692
2026-07-03,39.7339,56.54728,-16.81338,-27.558459999999997,-6.06832
2026-07-04,39.7339,56.54728,-16.81338,-27.558459999999997,-6.06832
2026-07-05,39.7339,56.54728,-16.81338,-27.558459999999997,-6.06832
2026-07-06,39.31454,56.63568,-17.32114,-27.814150000000005,-6.828150000000001
2026-07-07,39.26231,56.87396,-17.61165,-28.337780000000002,-6.885539999999999
2026-07-08,39.34707,56.75045,-17.40338,-28.15685,-6.649900000000002
2026-07-09,39.59968,56.56778,-16.9681,-27.431820000000002,-6.504390000000001
2026-07-10,39.7393,56.49453,-16.75523,-27.32725,-6.1832100000000025
2026-07-11,39.67962,56.54621,-16.86659,-27.49084,-6.242350000000002
2026-07-12,40.10312,56.52161,-16.41849,-27.091630000000002,-5.745350000000002
2026-07-13,39.87084,56.4996,-16.62876,-26.723039999999997,-6.534469999999999
2026-07-14,39.98224,56.3881,-16.40586,-26.5111,-6.300619999999995
2026-07-15,39.78378,56.77293,-16.98915,-27.087290000000003,-6.891020000000005
2026-07-16,39.6537,57.02527,-17.37157,-27.400800000000004,-7.342350000000003
2026-07-17,39.56981,57.24348,-17.67367,-27.319699999999997,-8.027639999999998
2026-07-18,39.56981,57.24348,-17.67367,-27.319699999999997,-8.027639999999998
2026-07-19,39.56981,57.24348,-17.67367,-27.319699999999997,-8.027639999999998
2026-07-20,39.64525,57.24118,-17.59593,-27.26417,-7.927689999999998
2026-07-21,39.26008,57.67797,-18.41789,-29.382469999999998,-7.453299999999999
2026-07-22,39.16122,57.7837,-18.62248,-29.40173,-7.843229999999998
2026-07-23,38.76274,58.231,-19.46826,-29.67022,-9.266289999999998
2026-07-24,38.9704,57.93923,-18.96883,-29.410270000000004,-8.527390000000004
2026-07-25,38.9704,57.93923,-18.96883,-29.410270000000004,-8.527390000000004
2026-07-26,38.9704,57.93923,-18.96883,-29.410270000000004,-8.527390000000004
2026-07-27,39.17809,58.07228,-18.89419,-29.322899999999997,-8.465490000000003
2026-07-28,38.88741,58.19483,-19.30742,-29.82783,-8.787030000000001
2026-07-29,38.44637,58.53572,-20.08935,-30.707660000000004,-9.471040000000002
2026-07-30,38.18075,58.79797,-20.61722,-31.55885,-9.675580000000004
2026-07-31,38.21444,58.793,-20.57856,-31.46642,-9.6907
2026-08-01,38.21444,58.793,-20.57856,-31.46642,-9.6907
2026-08-02,38.21444,58.793,-20.57856,-31.46642,-9.6907
2026-08-03,38.36337,58.18424,-19.82087,-30.86517,-8.776559999999996
2026-08-04,38.10987,58.51557,-20.4057,-31.402880000000003,-9.408519999999996
2026-08-05,38.10987,58.51557,-20.4057,-31.402880000000003,-9.408519999999996
2026-08-06,38.23539,58.3703,-20.13491,-31.09686,-9.172960000000003
2026-08-07,38.48346,58.26772,-19.78426,-30.433029999999995,-9.135509999999996
2026-08-08,38.48346,58.26772,-19.78426,-30.433029999999995,-9.135509999999996
2026-08-09,38.48346,58.26772,-19.78426,-30.433029999999995,-9.135509999999996
2026-08-10,38.54356,58.20139,-19.65783,-30.324589999999993,-8.99107
2026-08-11,38.09782,58.474,-20.37618,-31.090989999999998,-9.661360000000002
2026-08-12,38.15281,58.52143,-20.36862,-30.994239999999998,-9.743020000000001
2026-08-13,38.15281,58.52143,-20.36862,-30.994239999999998,-9.743020000000001
2026-08-14,38.26425,58.25593,-19.99168,-30.402980000000007,-9.580380000000005
2026-08-15,38.26425,58.25593,-19.99168,-30.402980000000007,-9.580380000000005
2026-08-16,38.13527,58.04976,-19.91449,-30.215649999999997,-9.61334
2026-08-17,38.29256,58.00476,-19.7122,-30.233089999999997,-9.191310000000001
2026-08-18,38.05093,58.18879,-20.13786,-31.07531,-9.200410000000005
2026-08-19,38.41061,58.00644,-19.59583,-30.000210000000003,-9.191450000000003
2026-08-20,38.17747,57.91181,-19.73434,-30.044959999999996,-9.423720000000003
2026-08-21,38.08442,57.95539,-19.87097,-30.00707,-9.734879999999997
2026-08-22,38.08442,57.95539,-19.87097,-30.00707,-9.734879999999997
2026-08-23,38.08442,57.95539,-19.87097,-30.00707,-9.734879999999997
2026-08-24,38.35818,57.8521,-19.49392,-29.49705,-9.490789999999997
2026-08-25,38.19681,58.00367,-19.80686,-30.204409999999996,-9.409320000000001
2026-08-26,38.23293,58.17485,-19.94192,-29.922089999999997,-9.961750000000002
2026-08-27,38.20488,58.19782,-19.99294,-29.929630000000003,-10.056249999999999
2026-08-28,38.41,57.96891,-19.55891,-29.87041,-9.247410000000002
2026-08-29,38.41,57.96891,-19.55891,-29.870400000000004,-9.247410000000002
2026-08-30,38.41,57.96891,-19.55891,-29.870400000000004,-9.247410000000002
2026-08-31,38.31784,57.72934,-19.4115,-29.93842,-8.88458
2026-09-01,38.15435,58.02771,-19.87336,-30.365380000000002,-9.381320000000002
2026-09-02,38.15435,58.02771,-19.87336,-30.365380000000002,-9.381320000000002
2026-09-03,38.57146,57.72936,-19.1579,-29.881370000000004,-8.434420000000003
2026-09-04,38.7888,57.48484,-18.69604,-29.64528,-7.746790000000004
2026-09-05,38.7888,57.48484,-18.69604,-29.64528,-7.746790000000004
2026-09-06,38.7888,57.48484,-18.69604,-29.64528,-7.746790000000004
2026-09-07,38.05472,58.54356,-20.48884,-31.641240000000003,-9.33643
2026-09-08,38.42986,57.89053,-19.46067,-30.634280000000004,-8.287079999999996
2026-09-09,38.42514,58.04707,-19.62193,-30.540149999999997,-8.703700000000005
2026-09-10,38.46282,58.14065,-19.67783,-30.467910000000003,-8.887750000000004
2026-09-11,38.2463,58.14803,-19.90173,-30.68464,-9.1188
